날짜,지점,평균기온(℃),최저기온(℃),최고기온(℃)
"	2020-01-01",239,-1.6,-8.6,4
"	2020-01-02",239,0.7,-3.1,4.4
"	2020-01-03",239,1.3,-1.9,6.5
"	2020-01-04",239,0.2,-4.6,7.4
"	2020-01-05",239,0.6,-5.4,6.5
"	2020-01-06",239,2.4,-0.6,4.7
"	2020-01-07",239,8.2,4.6,14.3
"	2020-01-08",239,3.9,2.1,10.8
"	2020-01-09",239,0.9,-2.3,4.9
"	2020-01-10",239,-0.3,-4.3,5.7
"	2020-01-11",239,0.5,-4,6.1
"	2020-01-12",239,1,-1.5,5.5
"	2020-01-13",239,-0.4,-3.3,3.2
"	2020-01-14",239,-0.5,-3.9,4
"	2020-01-15",239,-1.6,-5.6,2.9
"	2020-01-16",239,-1.2,-5.7,4.6
"	2020-01-17",239,-0.5,-4,4.7
"	2020-01-18",239,0.2,-5.5,7.1
"	2020-01-19",239,1.5,-3.6,7.8
"	2020-01-20",239,2.2,-1.2,7.2
"	2020-01-21",239,-0.3,-5.6,5.3
"	2020-01-22",239,1.5,-0.9,3.3
"	2020-01-23",239,5.8,2.8,11.8
"	2020-01-24",239,4,-0.5,9.8
"	2020-01-25",239,4.6,0.1,10.2
"	2020-01-26",239,6.1,0.7,11
"	2020-01-27",239,5.5,2.9,7.9
"	2020-01-28",239,6.4,2.8,10.4
"	2020-01-29",239,6.5,4.4,10.1
"	2020-01-30",239,5.6,2.5,10.4
"	2020-01-31",239,3.3,-0.4,8.8
"	2020-02-01",239,1.5,-4.3,7.2
"	2020-02-02",239,1.3,-3.7,6.6
"	2020-02-03",239,0.8,-2.7,5.2
"	2020-02-04",239,-0.4,-6.7,5.8
"	2020-02-05",239,-5.7,-8.2,-0.7
"	2020-02-06",239,-5.6,-10.9,-0.6
"	2020-02-07",239,-1.9,-7.7,3.4
"	2020-02-08",239,0.9,-2.3,5.1
"	2020-02-09",239,-0.4,-7.3,5.7
"	2020-02-10",239,4.3,-1.7,11.8
"	2020-02-11",239,6.4,-2.5,14.7
"	2020-02-12",239,6.5,3.7,8.8
"	2020-02-13",239,7.4,4.2,9.8
"	2020-02-14",239,6.4,2.7,12.5
"	2020-02-15",239,9.3,2.6,15.4
"	2020-02-16",239,-0.1,-2.8,7
"	2020-02-17",239,-3.9,-6.2,-1.1
"	2020-02-18",239,-2.4,-7.7,4.1
"	2020-02-19",239,1.2,-4.5,7.8
"	2020-02-20",239,4.9,-1.5,11.7
"	2020-02-21",239,6.6,0.1,13.8
"	2020-02-22",239,5.6,1.2,9.7
"	2020-02-23",239,3.1,-2,9.3
"	2020-02-24",239,6.5,-2.6,15.3
"	2020-02-25",239,6.3,5.1,8.3
"	2020-02-26",239,7.1,3.1,13.8
"	2020-02-27",239,5.6,0.3,11.1
"	2020-02-28",239,4.6,2.9,6.1
"	2020-02-29",239,7.3,4.2,13.1
"	2020-03-01",239,5.6,2,10.5
"	2020-03-02",239,4.5,1.5,9.6
"	2020-03-03",239,6.2,-0.6,13.8
"	2020-03-04",239,2.9,-0.6,7.9
"	2020-03-05",239,2.1,-1.8,9
"	2020-03-06",239,3.5,-4.4,11.3
"	2020-03-07",239,5.5,1.6,10.1
"	2020-03-08",239,8,-0.7,17.3
"	2020-03-09",239,9.4,2.5,16
"	2020-03-10",239,6.2,3.2,8.8
"	2020-03-11",239,4.7,0.8,9.1
"	2020-03-12",239,6.3,-2,15
"	2020-03-13",239,5.6,1.1,11.3
"	2020-03-14",239,4.7,-2.5,10.9
"	2020-03-15",239,4.8,1.1,11.9
"	2020-03-16",239,4.2,-1.8,10.6
"	2020-03-17",239,6.5,0.7,12.1
"	2020-03-18",239,10.5,2.3,18
"	2020-03-19",239,10.2,5.8,14.2
"	2020-03-20",239,9.1,2.9,16.3
"	2020-03-21",239,13.2,4.5,21.9
"	2020-03-22",239,12.2,7.2,19
"	2020-03-23",239,10.2,2.2,18.4
"	2020-03-24",239,10.3,0.3,18.7
"	2020-03-25",239,12.7,4,21.2
"	2020-03-26",239,13.3,8.1,18.9
"	2020-03-27",239,10.9,4.9,14.1
"	2020-03-28",239,7.3,4.2,11.7
"	2020-03-29",239,8.2,-0.3,16.1
"	2020-03-30",239,10.9,4.1,18
"	2020-03-31",239,11.5,3.1,20.3
"	2020-04-01",239,10.6,4.9,19
"	2020-04-02",239,9.3,2,17.4
"	2020-04-03",239,9.7,1.9,18.2
"	2020-04-04",239,8.5,4.6,15.4
"	2020-04-05",239,7.7,1.5,15.4
"	2020-04-06",239,9,-0.8,18.1
"	2020-04-07",239,10.8,3.3,19.5
"	2020-04-08",239,9.1,2.4,14.5
"	2020-04-09",239,8.9,1.6,15.7
"	2020-04-10",239,10.2,4.6,16.8
"	2020-04-11",239,8.3,3,14.1
"	2020-04-12",239,8.1,1.6,16.2
"	2020-04-13",239,10.7,4.4,17.1
"	2020-04-14",239,12.3,3.2,21.5
"	2020-04-15",239,12.5,3.8,21.3
"	2020-04-16",239,15.7,5.9,23.3
"	2020-04-17",239,13,9.2,19.8
"	2020-04-18",239,13.3,9,20.3
"	2020-04-19",239,11.1,8.4,14.1
"	2020-04-20",239,10.8,7,16.5
"	2020-04-21",239,7.9,4.2,13.2
"	2020-04-22",239,6.4,3.5,10.6
"	2020-04-23",239,8.2,2.2,14.3
"	2020-04-24",239,9.7,1.9,15.8
"	2020-04-25",239,14.5,8.6,22.2
"	2020-04-26",239,12,4.5,18.4
"	2020-04-27",239,11.4,4.5,17.5
"	2020-04-28",239,12.7,3.8,20.9
"	2020-04-29",239,15.2,7.4,23.4
"	2020-04-30",239,17,6.7,25.9
"	2020-05-01",239,21.8,16.1,28.3
"	2020-05-02",239,22,18.9,26.5
"	2020-05-03",239,18.9,16.2,22.7
"	2020-05-04",239,19.3,11.2,27
"	2020-05-05",239,14.2,9.3,21.2
"	2020-05-06",239,18.9,12,27.8
"	2020-05-07",239,19.6,13.3,25
"	2020-05-08",239,18,12,25.4
"	2020-05-09",239,15.2,13,17.8
"	2020-05-10",239,14.3,12.7,17.7
"	2020-05-11",239,17.9,13.2,24.5
"	2020-05-12",239,15.5,10.9,21
"	2020-05-13",239,15.8,7.5,22.8
"	2020-05-14",239,19.4,10.9,27
"	2020-05-15",239,16,14,20.3
"	2020-05-16",239,16.9,15.3,20
"	2020-05-17",239,20.4,15.1,27.6
"	2020-05-18",239,19,13,27.1
"	2020-05-19",239,13.3,11.2,16.5
"	2020-05-20",239,14.7,8,20.6
"	2020-05-21",239,16.9,9.6,23.2
"	2020-05-22",239,19.1,14.3,24.4
"	2020-05-23",239,20.2,14.5,26.1
"	2020-05-24",239,19.1,15.2,24.2
"	2020-05-25",239,17.1,13.8,21.6
"	2020-05-26",239,18.5,13.8,24.7
"	2020-05-27",239,18.5,12.6,25
"	2020-05-28",239,18.2,11.2,24.4
"	2020-05-29",239,20.5,13.9,27.2
"	2020-05-30",239,22.2,15.1,29.1
"	2020-05-31",239,21.4,16.1,26.7
"	2020-06-01",239,20.3,15.4,25.7
"	2020-06-02",239,18.6,13.5,23.5
"	2020-06-03",239,22.2,17.7,28.1
"	2020-06-04",239,24.3,20.9,30
"	2020-06-05",239,24.1,20.6,29.9
"	2020-06-06",239,23.7,18.6,31.1
"	2020-06-07",239,22.8,18.9,28.6
"	2020-06-08",239,24.8,17.2,31.5
"	2020-06-09",239,26,18,33.2
"	2020-06-10",239,24.6,20,32.8
"	2020-06-11",239,24.9,20.5,30.8
"	2020-06-12",239,23.5,20.5,26.4
"	2020-06-13",239,24.2,21.2,30.4
"	2020-06-14",239,23.8,20.1,28.2
"	2020-06-15",239,22.4,17.1,28.5
"	2020-06-16",239,23.2,18.2,28.7
"	2020-06-17",239,22.4,19,27.7
"	2020-06-18",239,20.7,18.8,23.1
"	2020-06-19",239,23.1,17.9,28.9
"	2020-06-20",239,23.3,18.7,29.2
"	2020-06-21",239,24.9,19.2,31.6
"	2020-06-22",239,26.4,19.5,33.4
"	2020-06-23",239,25.7,20.2,31
"	2020-06-24",239,22.4,20.4,25.6
"	2020-06-25",239,21.3,19.9,23.1
"	2020-06-26",239,22.6,19.2,27.6
"	2020-06-27",239,23.8,19.1,29.1
"	2020-06-28",239,23.7,18.4,29.7
"	2020-06-29",239,22,19.9,27.1
"	2020-06-30",239,19.8,18.3,20.8
"	2020-07-01",239,20.8,17.1,25.4
"	2020-07-02",239,23.2,17.6,28.2
"	2020-07-03",239,21.9,19.3,24.3
"	2020-07-04",239,21.4,18.8,26.6
"	2020-07-05",239,22.5,19.4,26.8
"	2020-07-06",239,24.1,19.4,29.4
"	2020-07-07",239,24.1,21.5,28.9
"	2020-07-08",239,24.2,18.6,29.9
"	2020-07-09",239,25.7,19.7,30.6
"	2020-07-10",239,25.1,21.6,28.9
"	2020-07-11",239,25.4,21.9,29.8
"	2020-07-12",239,22.1,19.1,25.3
"	2020-07-13",239,18.6,17.5,19.6
"	2020-07-14",239,19.2,18.1,20.8
"	2020-07-15",239,20.9,18.3,25.3
"	2020-07-16",239,22.8,18.9,28.6
"	2020-07-17",239,24.1,18.3,30.5
"	2020-07-18",239,24.6,20.7,28.8
"	2020-07-19",239,24.7,20,28.2
"	2020-07-20",239,24.1,21.7,29.2
"	2020-07-21",239,24.8,21.1,29.8
"	2020-07-22",239,22.9,20.9,24.9
"	2020-07-23",239,21.5,20.6,22.7
"	2020-07-24",239,21.2,19.4,23.5
"	2020-07-25",239,22.5,20.6,26.2
"	2020-07-26",239,23.6,21.2,28.1
"	2020-07-27",239,23.7,21.6,27.3
"	2020-07-28",239,23.9,21.4,26.6
"	2020-07-29",239,24.6,22.9,26.5
"	2020-07-30",239,25.2,23.8,27.5
"	2020-07-31",239,25.9,23.6,30.4
"	2020-08-01",239,25.2,23,30.5
"	2020-08-02",239,26.9,23.1,29.8
"	2020-08-03",239,26.2,23.2,29.1
"	2020-08-04",239,27.2,24.9,31.4
"	2020-08-05",239,26,24.7,30
"	2020-08-06",239,25,22.7,27.4
"	2020-08-07",239,23,22.2,24
"	2020-08-08",239,23.7,22.4,25.5
"	2020-08-09",239,26.5,24,28.9
"	2020-08-10",239,26.2,24.8,29.3
"	2020-08-11",239,25.1,23.8,27.1
"	2020-08-12",239,26.7,24.1,30.2
"	2020-08-13",239,28.2,24.8,32
"	2020-08-14",239,28.2,26.4,31.5
"	2020-08-15",239,28.3,25.5,32.3
"	2020-08-16",239,27.6,23.9,32.3
"	2020-08-17",239,27.8,24,33.1
"	2020-08-18",239,27.6,23.4,33.2
"	2020-08-19",239,27.5,23.4,33.2
"	2020-08-20",239,27.9,23.2,33.3
"	2020-08-21",239,27.8,23,33.5
"	2020-08-22",239,25.6,23.2,30.5
"	2020-08-23",239,26,22.4,31.4
"	2020-08-24",239,27.4,22.3,32.7
"	2020-08-25",239,29.1,24,34.8
"	2020-08-26",239,28.9,25.8,33.4
"	2020-08-27",239,27.8,25.6,31.5
"	2020-08-28",239,27.8,24.2,33.5
"	2020-08-29",239,26.2,24.1,31.4
"	2020-08-30",239,27,24.6,32.6
"	2020-08-31",239,26.7,24.3,30.9
"	2020-09-01",239,26.6,22.7,30.9
"	2020-09-02",239,24.2,22.8,26
"	2020-09-03",239,22.9,20.6,26.6
"	2020-09-04",239,23.4,20.2,28.4
"	2020-09-05",239,21.9,19.5,24.9
"	2020-09-06",239,20.7,18.1,24.9
"	2020-09-07",239,19.1,16.3,21.8
"	2020-09-08",239,23.4,20.4,27.7
"	2020-09-09",239,21.3,18.2,25.2
"	2020-09-10",239,22.1,18.3,27.7
"	2020-09-11",239,21.4,18.4,25.2
"	2020-09-12",239,19,17.3,20.1
"	2020-09-13",239,21,17.8,26.6
"	2020-09-14",239,20.9,15.2,27.6
"	2020-09-15",239,21.7,17.6,28.4
"	2020-09-16",239,20.6,19.4,22.5
"	2020-09-17",239,20.7,17.7,23.4
"	2020-09-18",239,19.9,15.9,25.2
"	2020-09-19",239,19,14.7,26.1
"	2020-09-20",239,17.8,12.8,24.8
"	2020-09-21",239,17.4,12.2,24.1
"	2020-09-22",239,19.1,14.5,23.8
"	2020-09-23",239,18.5,13.5,23.1
"	2020-09-24",239,20.2,15.3,25.9
"	2020-09-25",239,20,14.3,26
"	2020-09-26",239,19.4,15.2,24.7
"	2020-09-27",239,19,13.8,25.2
"	2020-09-28",239,18.2,13.5,25.1
"	2020-09-29",239,18.2,12.7,24.2
"	2020-09-30",239,18.6,13.9,25
"	2020-10-01",239,19.2,15.4,24.3
"	2020-10-02",239,19.5,15.3,24.6
"	2020-10-03",239,18.9,17.1,22.7
"	2020-10-04",239,17.2,12.1,20.8
"	2020-10-05",239,13.1,6.1,19.5
"	2020-10-06",239,13.3,8,19.5
"	2020-10-07",239,15.8,9.8,22.3
"	2020-10-08",239,17.2,12.4,22.2
"	2020-10-09",239,17.2,10.8,22.7
"	2020-10-10",239,16.7,10.8,22.4
"	2020-10-11",239,16.2,11.9,21
"	2020-10-12",239,16,11.8,22.5
"	2020-10-13",239,11.7,7.4,17.8
"	2020-10-14",239,11.6,7.4,19.4
"	2020-10-15",239,10.8,5.1,18
"	2020-10-16",239,10.8,6.3,15.7
"	2020-10-17",239,12.1,7.4,19.5
"	2020-10-18",239,11.4,4.7,19.4
"	2020-10-19",239,12.7,6.9,21.6
"	2020-10-20",239,12.9,7.6,21.1
"	2020-10-21",239,12.9,9.3,16.3
"	2020-10-22",239,12.7,9.5,18.1
"	2020-10-23",239,9.5,6.3,14.6
"	2020-10-24",239,8,1.8,13.4
"	2020-10-25",239,10.6,3,19.4
"	2020-10-26",239,11.3,5,18.8
"	2020-10-27",239,12.3,5.7,20.4
"	2020-10-28",239,13,8.6,20.2
"	2020-10-29",239,9.1,2.8,16.5
"	2020-10-30",239,10.2,3,18.6
"	2020-10-31",239,12.7,6.3,19.7
"	2020-11-01",239,11.9,11,12.8
"	2020-11-02",239,10.7,4,16.6
"	2020-11-03",239,5.9,1.5,8.9
"	2020-11-04",239,4,-2.1,10.7
"	2020-11-05",239,7.5,-0.7,15.1
"	2020-11-06",239,11.2,8.1,14
"	2020-11-07",239,13.2,7.7,19.5
"	2020-11-08",239,8.9,4.7,14.9
"	2020-11-09",239,6.5,-1,11.5
"	2020-11-10",239,7.6,2.6,13.1
"	2020-11-11",239,7.9,1.1,16.1
"	2020-11-12",239,9.2,1.7,18.5
"	2020-11-13",239,9.7,3.6,16.8
"	2020-11-14",239,10.2,4.3,18.7
"	2020-11-15",239,11,4.8,18.6
"	2020-11-16",239,10.9,5.6,17.5
"	2020-11-17",239,15,10.3,19.4
"	2020-11-18",239,15.8,12.6,18.6
"	2020-11-19",239,15.8,10,22
"	2020-11-20",239,5.8,3.9,10
"	2020-11-21",239,7.8,0.6,14.4
"	2020-11-22",239,7.1,4.3,9.6
"	2020-11-23",239,3.3,-0.2,7.5
"	2020-11-24",239,4.1,-0.1,9.4
"	2020-11-25",239,4.7,-0.8,11.2
"	2020-11-26",239,6.2,2.1,11.6
"	2020-11-27",239,4.8,2.8,8.8
"	2020-11-28",239,2.3,0.7,5
"	2020-11-29",239,1.5,-0.8,4.2
"	2020-11-30",239,0.9,-3.2,6.1
"	2020-12-01",239,1,-3.7,7.4
"	2020-12-02",239,3.2,0,8.5
"	2020-12-03",239,1.5,-2.6,6
"	2020-12-04",239,-0.3,-5.4,5.5
"	2020-12-05",239,0,-3.7,5
"	2020-12-06",239,2.7,-2.1,9.1
"	2020-12-07",239,3.1,-0.6,7.3
"	2020-12-08",239,0.4,-3.1,5.7
"	2020-12-09",239,0.8,-5.8,6.5
"	2020-12-10",239,5.2,1.8,10.1
"	2020-12-11",239,5.9,2,10.6
"	2020-12-12",239,3.7,-1.9,7.8
"	2020-12-13",239,-0.1,-3,5.1
"	2020-12-14",239,-5.3,-7.1,-2.8
"	2020-12-15",239,-6.2,-9.8,-2.2
"	2020-12-16",239,-6,-9,-1.7
"	2020-12-17",239,-4.2,-9.5,1.3
"	2020-12-18",239,-1,-3.9,3.3
"	2020-12-19",239,-3.9,-7.3,0
"	2020-12-20",239,-3,-7.3,2.7
"	2020-12-21",239,-0.6,-6.4,4.7
"	2020-12-22",239,1.3,-3.5,7.3
"	2020-12-23",239,3,-3.1,8.2
"	2020-12-24",239,3.7,-0.4,9
"	2020-12-25",239,0.3,-3.2,4.9
"	2020-12-26",239,1.2,-4.4,6.6
"	2020-12-27",239,2.9,-2,8.5
"	2020-12-28",239,5.1,-0.6,12.2
"	2020-12-29",239,0.4,-3.4,5.1
"	2020-12-30",239,-8.5,-11.1,-3.4
"	2020-12-31",239,-8.6,-13.8,-2.7
"	2021-01-01",239,-5.5,-10.8,-2.2
"	2021-01-02",239,-4.5,-7.8,-0.2
"	2021-01-03",239,-4.6,-9.2,-1
"	2021-01-04",239,-3.4,-9,1.3
"	2021-01-05",239,-3.7,-8.6,-0.8
"	2021-01-06",239,-6.3,-11.2,-2.8
"	2021-01-07",239,-12,-15.4,-4.2
"	2021-01-08",239,-14.3,-17.9,-9.9
"	2021-01-09",239,-12.5,-19.1,-7.7
"	2021-01-10",239,-9,-15.6,-3.3
"	2021-01-11",239,-6.9,-10.6,-3.5
"	2021-01-12",239,-2.4,-7.6,2.7
"	2021-01-13",239,2.6,-5,9.3
"	2021-01-14",239,2.7,-2.9,8.8
"	2021-01-15",239,5.3,-0.3,12.4
"	2021-01-16",239,-2,-5.4,2
"	2021-01-17",239,-3.7,-8.4,0.7
"	2021-01-18",239,-2.4,-5.3,3.6
"	2021-01-19",239,-5.6,-10.5,-0.7
"	2021-01-20",239,-1.3,-8.8,6.9
"	2021-01-21",239,3.8,-0.9,8.6
"	2021-01-22",239,6.1,4.1,8.3
"	2021-01-23",239,8.1,4.7,11.9
"	2021-01-24",239,7.4,2.3,12.6
"	2021-01-25",239,7.8,2.3,13.4
"	2021-01-26",239,5.2,3.5,7.1
"	2021-01-27",239,2.5,-0.5,6.8
"	2021-01-28",239,-2.4,-7.1,4.5
"	2021-01-29",239,-6.7,-9.5,-3
"	2021-01-30",239,-0.3,-8.7,8.4
"	2021-01-31",239,3.8,-4.8,11.4
"	2021-02-01",239,6.2,1.5,10.9
"	2021-02-02",239,-3.4,-5.3,1.7
"	2021-02-03",239,-2.4,-9.7,2.9
"	2021-02-04",239,-1.5,-5,1.6
"	2021-02-05",239,0.3,-6.5,7.1
"	2021-02-06",239,5.5,-1.3,10.3
"	2021-02-07",239,4.9,-1,10.6
"	2021-02-08",239,-2.2,-4.4,0.6
"	2021-02-09",239,-0.9,-8.1,5.7
"	2021-02-10",239,1.8,-4.6,8.8
"	2021-02-11",239,4.7,-0.7,10.8
"	2021-02-12",239,6.4,-0.1,14.4
"	2021-02-13",239,7,-0.6,15.7
"	2021-02-14",239,8.5,3.9,14
"	2021-02-15",239,2.3,-2.5,8.5
"	2021-02-16",239,-3.7,-6.5,2.3
"	2021-02-17",239,-7.1,-8.8,-5.3
"	2021-02-18",239,-4.8,-9.3,-0.3
"	2021-02-19",239,1.8,-7.4,8.9
"	2021-02-20",239,10.7,6,16.8
"	2021-02-21",239,14,4.8,22
"	2021-02-22",239,10.4,1,18.6
"	2021-02-23",239,1.2,-2.8,7.3
"	2021-02-24",239,3.4,-2.3,10.4
"	2021-02-25",239,4.2,-0.5,7.7
"	2021-02-26",239,8.4,2.4,14.8
"	2021-02-27",239,7.9,3.7,11.9
"	2021-02-28",239,7.1,1.3,12.9
"	2021-03-01",239,7.5,1.6,11.3
"	2021-03-02",239,2.6,0,6.9
"	2021-03-03",239,3.7,-2.3,9.8
"	2021-03-04",239,5.1,1.2,9.5
"	2021-03-05",239,7.6,0.9,16.5
"	2021-03-06",239,6.6,3.4,14.1
"	2021-03-07",239,6.1,3.7,11.3
"	2021-03-08",239,6.6,0.9,13.6
"	2021-03-09",239,6.4,0.1,13.4
"	2021-03-10",239,8.6,-0.4,17
"	2021-03-11",239,9.9,2.1,17.8
"	2021-03-12",239,8.2,6.8,9.8
"	2021-03-13",239,8.4,2.8,15
"	2021-03-14",239,8.4,2.3,14.6
"	2021-03-15",239,11,3.1,16.9
"	2021-03-16",239,10,3.4,15.5
"	2021-03-17",239,8.3,0.1,18.2
"	2021-03-18",239,11.5,3.1,19.5
"	2021-03-19",239,13.2,9.6,17.8
"	2021-03-20",239,8.2,6.2,11.9
"	2021-03-21",239,5.8,3.8,10
"	2021-03-22",239,6.1,0.8,12.3
"	2021-03-23",239,8.8,0.8,17
"	2021-03-24",239,10.5,2.8,18.2
"	2021-03-25",239,12.2,4.3,21.1
"	2021-03-26",239,13,4,21.7
"	2021-03-27",239,12,8.6,14.8
"	2021-03-28",239,9.6,8.6,14.5
"	2021-03-29",239,11.7,7.7,17
"	2021-03-30",239,11.7,5,18.8
"	2021-03-31",239,13.7,3.8,23.3
"	2021-04-01",239,15.6,11.2,20.7
"	2021-04-02",239,17.1,12,22.3
"	2021-04-03",239,15.8,14.3,17.7
"	2021-04-04",239,11.2,9.2,14.3
"	2021-04-05",239,11.2,4.2,17.5
"	2021-04-06",239,12.7,5.5,19.8
"	2021-04-07",239,13.4,5,21.9
"	2021-04-08",239,12.4,5.2,19.1
"	2021-04-09",239,11.7,4.2,18.9
"	2021-04-10",239,12.1,6.5,19.9
"	2021-04-11",239,14.6,5.7,22.5
"	2021-04-12",239,13.2,11.9,16.1
"	2021-04-13",239,10.2,3.9,16.2
"	2021-04-14",239,9,1.3,15.9
"	2021-04-15",239,10.4,0.7,18.3
"	2021-04-16",239,10.9,7.4,15.2
"	2021-04-17",239,9.5,6.2,16.3
"	2021-04-18",239,10.3,5.9,16.5
"	2021-04-19",239,12.1,3.1,21.6
"	2021-04-20",239,14.6,5.7,24.3
"	2021-04-21",239,18.5,8.9,28.7
"	2021-04-22",239,21.3,14,29.8
"	2021-04-23",239,18.8,15.4,21.8
"	2021-04-24",239,17.5,13.3,24
"	2021-04-25",239,17.2,8.7,24.2
"	2021-04-26",239,16.2,9.9,22.6
"	2021-04-27",239,15.5,10.6,21.3
"	2021-04-28",239,15.7,12.3,19.7
"	2021-04-29",239,14.7,10.5,19.7
"	2021-04-30",239,12.1,8.8,17
"	2021-05-01",239,10,8,14
"	2021-05-02",239,12.1,7.2,18.7
"	2021-05-03",239,13.9,5.3,22.6
"	2021-05-04",239,16.4,11,22.2
"	2021-05-05",239,14,8.1,19.9
"	2021-05-06",239,15,5.7,23
"	2021-05-07",239,14.3,8.9,20.1
"	2021-05-08",239,14.9,7.1,22.7
"	2021-05-09",239,15.7,7.1,22.9
"	2021-05-10",239,11.5,9.7,13.4
"	2021-05-11",239,15.9,11.6,20.7
"	2021-05-12",239,19.6,13.9,25.3
"	2021-05-13",239,21.2,13.7,28.9
"	2021-05-14",239,22.7,14.9,30.5
"	2021-05-15",239,21.5,18.4,26.6
"	2021-05-16",239,20.8,17.7,22.2
"	2021-05-17",239,15.6,14.5,17.7
"	2021-05-18",239,18.2,14.5,24.2
"	2021-05-19",239,19.8,13.7,27.9
"	2021-05-20",239,16.2,15,19
"	2021-05-21",239,14.7,12.9,16.5
"	2021-05-22",239,18,11.7,25.3
"	2021-05-23",239,19.5,12.6,25.8
"	2021-05-24",239,19.4,15.3,24.8
"	2021-05-25",239,15.5,11.4,20.6
"	2021-05-26",239,16.6,11.1,22.9
"	2021-05-27",239,16.4,12.8,20.6
"	2021-05-28",239,14.4,11.2,18.9
"	2021-05-29",239,17.8,11.9,23.8
"	2021-05-30",239,19.3,11.5,27.3
"	2021-05-31",239,19.1,15.4,25.6
"	2021-06-01",239,21.3,16.2,27.2
"	2021-06-02",239,23.4,17.1,30
"	2021-06-03",239,17.8,15.3,20.3
"	2021-06-04",239,18.1,12.3,24.4
"	2021-06-05",239,20.9,15.9,26.1
"	2021-06-06",239,22.2,18,27.3
"	2021-06-07",239,21.7,15.7,28.3
"	2021-06-08",239,23.5,17.3,30.3
"	2021-06-09",239,25.7,19,32.2
"	2021-06-10",239,24.6,19.8,30.3
"	2021-06-11",239,22.6,19.2,27.7
"	2021-06-12",239,23.8,18.6,30.2
"	2021-06-13",239,23.7,20.2,30.4
"	2021-06-14",239,23.9,19.2,29.5
"	2021-06-15",239,22.2,21.2,24.2
"	2021-06-16",239,23.6,20.8,27.1
"	2021-06-17",239,21.2,19.4,24.2
"	2021-06-18",239,20.6,18.8,23.5
"	2021-06-19",239,22.2,18,28.6
"	2021-06-20",239,23.2,16.7,29.7
"	2021-06-21",239,23.7,18.7,29.3
"	2021-06-22",239,22.7,17.1,27.7
"	2021-06-23",239,20.3,18.4,23.5
"	2021-06-24",239,22,17.8,27.2
"	2021-06-25",239,23.3,17.6,29.6
"	2021-06-26",239,22.4,19.2,26.5
"	2021-06-27",239,24.4,18.7,30.4
"	2021-06-28",239,24.6,21.3,28.9
"	2021-06-29",239,23.2,19.7,29.4
"	2021-06-30",239,24.1,20,29.7
"	2021-07-01",239,25.9,20.5,31.5
"	2021-07-02",239,26.5,22,31.6
"	2021-07-03",239,23,20.8,26.5
"	2021-07-04",239,22.5,20.9,24
"	2021-07-05",239,22.1,19.9,26.2
"	2021-07-06",239,23.4,20.7,26.3
"	2021-07-07",239,25.2,22.8,28.2
"	2021-07-08",239,25.4,22,31.1
"	2021-07-09",239,25.1,22.3,29.8
"	2021-07-10",239,26.3,22.5,30.3
"	2021-07-11",239,25.7,23.4,30
"	2021-07-12",239,27.3,22.9,33.5
"	2021-07-13",239,28.3,24.3,32.8
"	2021-07-14",239,28.2,24.1,32.5
"	2021-07-15",239,28.4,24.3,34.5
"	2021-07-16",239,27.1,22.9,33.6
"	2021-07-17",239,26.5,22.2,32
"	2021-07-18",239,26.2,22.8,32.5
"	2021-07-19",239,26.1,22.7,32.2
"	2021-07-20",239,26.9,23.5,30.5
"	2021-07-21",239,28.9,23.1,34.3
"	2021-07-22",239,28.5,23.5,33.2
"	2021-07-23",239,29,24,34.3
"	2021-07-24",239,29.4,25,34.5
"	2021-07-25",239,28.9,24.8,32.4
"	2021-07-26",239,29.1,24,34
"	2021-07-27",239,29.3,23.2,34.5
"	2021-07-28",239,29.3,25.2,34.8
"	2021-07-29",239,28.8,24.1,34.1
"	2021-07-30",239,29.2,24.6,34.4
"	2021-07-31",239,28.4,24.9,33.8
"	2021-08-01",239,26,23.8,30.8
"	2021-08-02",239,25.4,24,28.4
"	2021-08-03",239,27.2,24,31.1
"	2021-08-04",239,28.3,24,32.8
"	2021-08-05",239,29,24.3,34.2
"	2021-08-06",239,28.2,24.7,34.5
"	2021-08-07",239,27.4,22.4,33.4
"	2021-08-08",239,26.2,23.2,29.8
"	2021-08-09",239,27.3,22.1,32.5
"	2021-08-10",239,26.5,23,32
"	2021-08-11",239,26.6,22.1,32.7
"	2021-08-12",239,26,22.5,32.2
"	2021-08-13",239,25.8,22.2,29
"	2021-08-14",239,25.3,22,28.8
"	2021-08-15",239,26.5,21.9,31.7
"	2021-08-16",239,26,21.8,30.2
"	2021-08-17",239,24.9,21.2,29.9
"	2021-08-18",239,24,20,29.9
"	2021-08-19",239,24.2,20.4,29.4
"	2021-08-20",239,25.2,20.2,31.5
"	2021-08-21",239,23.9,22,28.7
"	2021-08-22",239,24.7,21.9,29.1
"	2021-08-23",239,21.9,20.9,23.2
"	2021-08-24",239,23.9,21.1,27.6
"	2021-08-25",239,22.6,21,24.3
"	2021-08-26",239,24.7,21.4,28.7
"	2021-08-27",239,21.4,19.6,24.3
"	2021-08-28",239,22,19.3,25.2
"	2021-08-29",239,21.7,18.6,26.6
"	2021-08-30",239,22.2,19.6,24.9
"	2021-08-31",239,22.6,20.4,26.3
"	2021-09-01",239,23.1,21.2,25
"	2021-09-02",239,22.9,20.7,25.9
"	2021-09-03",239,23.2,19,27.7
"	2021-09-04",239,22.8,18,27.8
"	2021-09-05",239,21.7,18.2,24.5
"	2021-09-06",239,20.5,18,23.5
"	2021-09-07",239,20.6,18.2,24.2
"	2021-09-08",239,21.8,18.6,26.9
"	2021-09-09",239,21.6,16.9,28
"	2021-09-10",239,22.5,19,28
"	2021-09-11",239,22.9,18.5,29.4
"	2021-09-12",239,22.8,18.8,28.8
"	2021-09-13",239,23.7,20.8,27.9
"	2021-09-14",239,22.4,19.3,25.7
"	2021-09-15",239,22.9,17.9,28.3
"	2021-09-16",239,22.3,17,26.4
"	2021-09-17",239,19.9,17.9,22.7
"	2021-09-18",239,21.8,15.9,28
"	2021-09-19",239,22.3,18,27.9
"	2021-09-20",239,23,17.9,27.4
"	2021-09-21",239,22.1,20,26
"	2021-09-22",239,21.4,17.1,27.2
"	2021-09-23",239,19.9,15,25.5
"	2021-09-24",239,20.6,14.4,26.6
"	2021-09-25",239,20.8,17.2,24.2
"	2021-09-26",239,21,16.9,25.2
"	2021-09-27",239,21.6,18.2,26.7
"	2021-09-28",239,21.1,19.7,25.1
"	2021-09-29",239,21,19.2,23.1
"	2021-09-30",239,21,17.4,27.3
"	2021-10-01",239,20.6,16.4,27.2
"	2021-10-02",239,20.3,15.2,26.8
"	2021-10-03",239,21.6,15.9,29.8
"	2021-10-04",239,22.5,17.6,28.7
"	2021-10-05",239,22.9,19,28.6
"	2021-10-06",239,22,18.4,27.3
"	2021-10-07",239,19.6,18,22.2
"	2021-10-08",239,19.9,18,22.1
"	2021-10-09",239,22.5,19.2,27.6
"	2021-10-10",239,22,16.8,28.3
"	2021-10-11",239,15.3,12.2,18
"	2021-10-12",239,16.5,15.3,17.3
"	2021-10-13",239,19.4,15.8,24.4
"	2021-10-14",239,19.3,15.3,25.4
"	2021-10-15",239,18,15.7,21.8
"	2021-10-16",239,11.4,4.9,17.2
"	2021-10-17",239,5.6,1.2,12.2
"	2021-10-18",239,8.6,0.7,16.5
"	2021-10-19",239,9.9,4.9,15.3
"	2021-10-20",239,8.4,1.3,15.4
"	2021-10-21",239,8.8,3.8,15.8
"	2021-10-22",239,9.1,1,16.7
"	2021-10-23",239,10.1,3.9,18.6
"	2021-10-24",239,10.1,4.1,17.7
"	2021-10-25",239,10.2,5.1,17.6
"	2021-10-26",239,10.9,4.8,19.1
"	2021-10-27",239,12.1,6.4,19.2
"	2021-10-28",239,10.9,3.9,19
"	2021-10-29",239,13.2,7.3,19.2
"	2021-10-30",239,12,8.9,17.6
"	2021-10-31",239,12.3,6.9,19.8
"	2021-11-01",239,12.5,7.8,18.6
"	2021-11-02",239,10.9,7.3,17
"	2021-11-03",239,10.5,4.3,17.5
"	2021-11-04",239,12.4,7.7,19
"	2021-11-05",239,11.7,7.3,18.6
"	2021-11-06",239,13.3,7.1,20.1
"	2021-11-07",239,15,7.9,20.9
"	2021-11-08",239,9.6,5.2,15.5
"	2021-11-09",239,6.8,4.9,11.9
"	2021-11-10",239,5.2,2.6,7.8
"	2021-11-11",239,6,2.7,10.1
"	2021-11-12",239,5.1,2.3,8.4
"	2021-11-13",239,6.6,0.3,13.6
"	2021-11-14",239,10.1,3.7,17.3
"	2021-11-15",239,9.3,2.7,16.7
"	2021-11-16",239,7.9,2.9,15.6
"	2021-11-17",239,7.6,1.5,14.6
"	2021-11-18",239,9.7,2.8,16.4
"	2021-11-19",239,11.7,6.9,17.5
"	2021-11-20",239,10.9,7.5,16.6
"	2021-11-21",239,10.2,6.1,15
"	2021-11-22",239,4.3,1,12.3
"	2021-11-23",239,1.2,-1.7,3.4
"	2021-11-24",239,5.1,-1.5,12.2
"	2021-11-25",239,7.3,2.2,14.2
"	2021-11-26",239,4.6,-0.6,11
"	2021-11-27",239,3.5,-0.7,9.8
"	2021-11-28",239,4.7,-2.4,13.4
"	2021-11-29",239,6,-1.1,12.8
"	2021-11-30",239,6,2.8,9.7
"	2021-12-01",239,0.4,-3.4,3.3
"	2021-12-02",239,2,-4.3,6.6
"	2021-12-03",239,3.6,0.6,8
"	2021-12-04",239,-0.3,-3.6,2.6
"	2021-12-05",239,1.7,-3,8.5
"	2021-12-06",239,4.4,-1.4,11.7
"	2021-12-07",239,5.5,0.3,12.1
"	2021-12-08",239,5.5,-0.3,12.6
"	2021-12-09",239,5.5,0.3,10.8
"	2021-12-10",239,6.4,3.8,9.3
"	2021-12-11",239,6.5,3.8,10.3
"	2021-12-12",239,3.1,-2.8,7.6
"	2021-12-13",239,-2.1,-5.6,2.8
"	2021-12-14",239,2.5,-4.6,7.4
"	2021-12-15",239,7.2,4.1,11.6
"	2021-12-16",239,5.7,2.7,10.4
"	2021-12-17",239,-3.1,-9,5.9
"	2021-12-18",239,-4.5,-11.7,1.1
"	2021-12-19",239,0.9,-2.7,5
"	2021-12-20",239,6.1,-1.4,10.7
"	2021-12-21",239,6.3,1.3,12.8
"	2021-12-22",239,2.4,-2.4,9.3
"	2021-12-23",239,2.2,-3.7,8.8
"	2021-12-24",239,0.8,-3.5,6.6
"	2021-12-25",239,-8.1,-10.9,-3.5
"	2021-12-26",239,-9.9,-14,-5.1
"	2021-12-27",239,-5.3,-13,0
"	2021-12-28",239,-2,-4.6,1.3
"	2021-12-29",239,1.5,-2.9,7.4
"	2021-12-30",239,-1.6,-4.3,2.2
"	2021-12-31",239,-5.1,-8.6,-0.8
"	2022-01-01",239,-5.1,-10.7,0.7
"	2022-01-02",239,-1.4,-8,6.3
"	2022-01-03",239,-2.1,-8,3.5
"	2022-01-04",239,-0.4,-4.7,4.5
"	2022-01-05",239,-2.6,-7,1.5
"	2022-01-06",239,-1.2,-6.7,5
"	2022-01-07",239,-2,-7.8,5.2
"	2022-01-08",239,0.3,-7.3,7.1
"	2022-01-09",239,1.8,-2,6.3
"	2022-01-10",239,0.1,-4.9,5.8
"	2022-01-11",239,-4.5,-7.4,-0.4
"	2022-01-12",239,-5.8,-11.5,0.2
"	2022-01-13",239,-4.9,-7.7,-1
"	2022-01-14",239,-4.5,-10.7,2.4
"	2022-01-15",239,-0.1,-6.6,5.5
"	2022-01-16",239,-0.3,-5.1,2.9
"	2022-01-17",239,-3.5,-8,1.9
"	2022-01-18",239,-4.5,-10.1,1.6
"	2022-01-19",239,-3.9,-9.5,2.1
"	2022-01-20",239,-4.4,-10.7,2.1
"	2022-01-21",239,-2.5,-9.4,5.2
"	2022-01-22",239,2.5,-3.5,8.8
"	2022-01-23",239,3.9,-0.2,9.6
"	2022-01-24",239,3.8,-2.1,8.7
"	2022-01-25",239,2.5,-0.3,4.8
"	2022-01-26",239,2,-1.5,6.7
"	2022-01-27",239,-0.2,-3.9,6
"	2022-01-28",239,-1.2,-5.3,4.4
"	2022-01-29",239,-2.5,-6,2.9
"	2022-01-30",239,-2.7,-8.2,3.6
"	2022-01-31",239,-1.1,-9.1,6
"	2022-02-01",239,0,-2.1,2.9
"	2022-02-02",239,-0.9,-3.5,2.7
"	2022-02-03",239,-2.3,-5.9,2.7
"	2022-02-04",239,-3.1,-6.4,1.7
"	2022-02-05",239,-4.9,-8.9,-0.2
"	2022-02-06",239,-3.1,-9.6,2.9
"	2022-02-07",239,-2.2,-8.2,2.3
"	2022-02-08",239,-0.5,-6.1,6.4
"	2022-02-09",239,0.9,-6.3,7.7
"	2022-02-10",239,2.2,-1.8,8.2
"	2022-02-11",239,2.2,-4.7,10
"	2022-02-12",239,4.1,-1.9,11.2
"	2022-02-13",239,4.5,-0.4,10.6
"	2022-02-14",239,3.5,-2.2,11.3
"	2022-02-15",239,-3.1,-6.5,0
"	2022-02-16",239,-5.9,-8.7,-2.1
"	2022-02-17",239,-5.8,-10.4,-1.1
"	2022-02-18",239,-1.5,-10.2,6.4
"	2022-02-19",239,-0.3,-4.2,3.8
"	2022-02-20",239,-3.9,-6.7,0.1
"	2022-02-21",239,-1.6,-8.8,5
"	2022-02-22",239,-2.9,-5.8,2
"	2022-02-23",239,-4.7,-10.1,1.2
"	2022-02-24",239,-2.3,-10.2,4.8
"	2022-02-25",239,2.4,-5.8,10.3
"	2022-02-26",239,6.1,1.2,11.7
"	2022-02-27",239,4.3,-1.3,11.4
"	2022-02-28",239,6,-1.5,13
"	2022-03-01",239,5.7,0.3,12.5
"	2022-03-02",239,2.5,-4.4,10.3
"	2022-03-03",239,5.4,-1.8,13.6
"	2022-03-04",239,8,-0.8,16.4
"	2022-03-05",239,3.2,-1.1,8.2
"	2022-03-06",239,1.8,-3.5,8.5
"	2022-03-07",239,3.3,-4.3,11.1
"	2022-03-08",239,5.3,-2.6,13.5
"	2022-03-09",239,7,-0.5,15.9
"	2022-03-10",239,9.1,0.4,17.4
"	2022-03-11",239,10.7,3.7,16.9
"	2022-03-12",239,15.2,8.9,21.1
"	2022-03-13",239,13.8,11.8,16.9
"	2022-03-14",239,10.2,5,14.6
"	2022-03-15",239,8.5,2.2,16
"	2022-03-16",239,10.5,2.1,18.3
"	2022-03-17",239,8.7,6.1,10.9
"	2022-03-18",239,6.7,5.1,9.4
"	2022-03-19",239,3.7,1.9,7.6
"	2022-03-20",239,5,1.3,10.5
"	2022-03-21",239,5,-1.3,11.7
"	2022-03-22",239,7,1,12.8
"	2022-03-23",239,5,1.6,8.7
"	2022-03-24",239,8.2,0,15.3
"	2022-03-25",239,11.9,5.1,18.7
"	2022-03-26",239,11,7,14.6
"	2022-03-27",239,7.6,2.5,14.6
"	2022-03-28",239,7.2,-1.9,14.8
"	2022-03-29",239,10,1.5,18.2
"	2022-03-30",239,11.3,4.3,17.5
"	2022-03-31",239,10.9,8.4,14.9
"	2022-04-01",239,9.2,3.9,15.5
"	2022-04-02",239,7.4,-0.5,15.2
"	2022-04-03",239,8.7,0.1,17.2
"	2022-04-04",239,10,1.5,19
"	2022-04-05",239,9.6,0.3,18.2
"	2022-04-06",239,11.7,4,20.3
"	2022-04-07",239,10.7,5.2,18.3
"	2022-04-08",239,13.2,3,22.9
"	2022-04-09",239,17.6,9.8,25.5
"	2022-04-10",239,18.3,10.3,27.1
"	2022-04-11",239,19.9,12,27.4
"	2022-04-12",239,20,14.6,27
"	2022-04-13",239,12.9,8.7,17.3
"	2022-04-14",239,10.3,8.4,14.2
"	2022-04-15",239,11.9,6.4,18.9
"	2022-04-16",239,12.6,5.7,19.9
"	2022-04-17",239,13,3.2,21.7
"	2022-04-18",239,14.3,8.1,22.3
"	2022-04-19",239,15,6.9,23.9
"	2022-04-20",239,14.8,6.1,23
"	2022-04-21",239,14.3,6.8,21.4
"	2022-04-22",239,16.5,10.3,24.3
"	2022-04-23",239,18,11.8,24.8
"	2022-04-24",239,18.9,13.3,27.6
"	2022-04-25",239,19.6,14.9,26.2
"	2022-04-26",239,18.5,15.4,24.2
"	2022-04-27",239,17,11.5,23.3
"	2022-04-28",239,17.2,9.2,25.5
"	2022-04-29",239,12.7,9.8,17
"	2022-04-30",239,12.9,9,18.1
"	2022-05-01",239,12.8,5.7,19.6
"	2022-05-02",239,13,6.8,19.9
"	2022-05-03",239,13.4,4.3,20.7
"	2022-05-04",239,16.5,7,25.4
"	2022-05-05",239,18,8.4,25.9
"	2022-05-06",239,19,11.3,26.7
"	2022-05-07",239,16.9,12.1,23.2
"	2022-05-08",239,16.5,11,23
"	2022-05-09",239,16.3,10.4,22.8
"	2022-05-10",239,18.1,10.8,25.5
"	2022-05-11",239,18.7,13.2,24.6
"	2022-05-12",239,19.9,13.7,27.5
"	2022-05-13",239,17.6,14.9,21.3
"	2022-05-14",239,14.9,8.7,21.2
"	2022-05-15",239,14.5,7.9,20.9
"	2022-05-16",239,15.7,6.6,23.8
"	2022-05-17",239,19.2,10.2,26.9
"	2022-05-18",239,20.8,13.4,26.9
"	2022-05-19",239,19.7,16,24.3
"	2022-05-20",239,19.6,13,27.1
"	2022-05-21",239,19.6,13.5,26.8
"	2022-05-22",239,20.2,14,28
"	2022-05-23",239,21.8,15.4,29.8
"	2022-05-24",239,21.9,13.7,30
"	2022-05-25",239,21,14.3,28.4
"	2022-05-26",239,18.5,12.2,25.1
"	2022-05-27",239,20.4,15.4,26.6
"	2022-05-28",239,22.1,14.5,29.1
"	2022-05-29",239,22.5,15.3,29.2
"	2022-05-30",239,20.7,17.4,26
"	2022-05-31",239,19.8,11.2,27.7
"	2022-06-01",239,22,13.8,30.3
"	2022-06-02",239,21,12.6,29.1
"	2022-06-03",239,23.8,17.3,31.6
"	2022-06-04",239,24.4,19,30.3
"	2022-06-05",239,18.6,16.6,23.7
"	2022-06-06",239,18.9,16.1,23
"	2022-06-07",239,17,14.1,20.9
"	2022-06-08",239,19.9,14.5,26
"	2022-06-09",239,21.1,17.2,27.2
"	2022-06-10",239,22.9,16.4,29.1
"	2022-06-11",239,23.8,17.5,30.8
"	2022-06-12",239,23.7,18.3,29.5
"	2022-06-13",239,22.9,19.3,27.4
"	2022-06-14",239,18.1,15.7,21.7
"	2022-06-15",239,19,14.9,25.4
"	2022-06-16",239,20.8,17.5,26.4
"	2022-06-17",239,22.3,16.1,27.5
"	2022-06-18",239,23.9,20.8,28.2
"	2022-06-19",239,24.3,20.3,28.4
"	2022-06-20",239,26.1,21.2,32.3
"	2022-06-21",239,27,20.6,35.1
"	2022-06-22",239,26.3,21.4,33.2
"	2022-06-23",239,24.2,20.7,30.2
"	2022-06-24",239,24,22.3,28.2
"	2022-06-25",239,26.9,22,32.7
"	2022-06-26",239,27.2,24.1,30.5
"	2022-06-27",239,27.9,25.1,30.3
"	2022-06-28",239,29.1,27.3,31.3
"	2022-06-29",239,26.2,24.1,29.2
"	2022-06-30",239,26.4,24.4,30.4
"	2022-07-01",239,28,23,33.1
"	2022-07-02",239,28.7,23,34
"	2022-07-03",239,27.6,22.3,34.3
"	2022-07-04",239,27.1,22.7,33.4
"	2022-07-05",239,27.6,23.8,33.7
"	2022-07-06",239,29.2,24.8,34.6
"	2022-07-07",239,28.3,25.7,33
"	2022-07-08",239,26.9,23.3,31.2
"	2022-07-09",239,25.7,21.9,29.8
"	2022-07-10",239,27.5,22.9,33.9
"	2022-07-11",239,24.5,22.9,27.6
"	2022-07-12",239,26.6,23.4,29.9
"	2022-07-13",239,24.9,23.9,26.5
"	2022-07-14",239,26,23.1,30
"	2022-07-15",239,25.4,21.3,30.4
"	2022-07-16",239,25.5,21.1,30.5
"	2022-07-17",239,25.4,20.6,30.1
"	2022-07-18",239,22.3,21.1,24.7
"	2022-07-19",239,24.5,20.3,30.7
"	2022-07-20",239,26.9,22.4,32.2
"	2022-07-21",239,23.6,22.5,25.6
"	2022-07-22",239,24.9,21.6,29.8
"	2022-07-23",239,24.2,21.1,28.1
"	2022-07-24",239,24.1,22.3,26.1
"	2022-07-25",239,26.7,23.4,31.6
"	2022-07-26",239,27.7,22.2,33.4
"	2022-07-27",239,27.5,24.7,30.9
"	2022-07-28",239,27,23.4,33
"	2022-07-29",239,29.7,24.3,34.5
"	2022-07-30",239,28.9,25.4,32.5
"	2022-07-31",239,26,24.9,28
"	2022-08-01",239,27.4,24.8,32.4
"	2022-08-02",239,27.4,25.5,31
"	2022-08-03",239,28.6,25.6,32.8
"	2022-08-04",239,28.3,24.7,33.2
"	2022-08-05",239,28.4,25.5,32.6
"	2022-08-06",239,28.8,25.5,33.4
"	2022-08-07",239,29,26,32.8
"	2022-08-08",239,27.9,26.1,29.5
"	2022-08-09",239,27.4,25.4,29.8
"	2022-08-10",239,24.7,23,27.5
"	2022-08-11",239,24.9,24.3,26.2
"	2022-08-12",239,26.8,23.4,32
"	2022-08-13",239,25.3,23.4,27.8
"	2022-08-14",239,26.7,24.4,31
"	2022-08-15",239,28.2,24.6,31.1
"	2022-08-16",239,25.8,23.7,29.7
"	2022-08-17",239,24.8,21.6,30.7
"	2022-08-18",239,24.4,19.1,30.4
"	2022-08-19",239,26,20.7,29.7
"	2022-08-20",239,27.2,24.5,31.5
"	2022-08-21",239,27,23.4,32.1
"	2022-08-22",239,26.8,23,32
"	2022-08-23",239,24.1,22.8,25.4
"	2022-08-24",239,23,21,25.9
"	2022-08-25",239,21.8,17.9,28.3
"	2022-08-26",239,22.1,15.9,27.9
"	2022-08-27",239,20.9,16.4,25.3
"	2022-08-28",239,21.2,14.7,27.8
"	2022-08-29",239,19.5,16.8,21.5
"	2022-08-30",239,19,16.8,20.3
"	2022-08-31",239,20.9,19.3,23.6
"	2022-09-01",239,22.3,19.1,28.2
"	2022-09-02",239,22.8,17.8,27.7
"	2022-09-03",239,23.3,20.7,26.8
"	2022-09-04",239,24.1,20.8,27.4
"	2022-09-05",239,22.3,18.3,25.2
"	2022-09-06",239,20.1,17.1,25.5
"	2022-09-07",239,20.6,16.2,27.7
"	2022-09-08",239,21.1,14.3,29.2
"	2022-09-09",239,22.9,17.3,28.7
"	2022-09-10",239,22.1,18.8,26.7
"	2022-09-11",239,23.3,19.4,28.3
"	2022-09-12",239,23,20.7,26.6
"	2022-09-13",239,24.1,21.3,27.1
"	2022-09-14",239,24.7,21.6,28.4
"	2022-09-15",239,25.2,21.8,29.3
"	2022-09-16",239,25.2,21.5,29.2
"	2022-09-17",239,26.8,23,32.7
"	2022-09-18",239,27.5,23.4,32.6
"	2022-09-19",239,24.4,18.8,30.3
"	2022-09-20",239,19.1,15.1,24.6
"	2022-09-21",239,18.5,13.2,24.1
"	2022-09-22",239,18,12.7,23.8
"	2022-09-23",239,17,12.9,23.7
"	2022-09-24",239,17.1,10.6,23.9
"	2022-09-25",239,17.9,14,24.8
"	2022-09-26",239,18.7,14.5,25.6
"	2022-09-27",239,19,12.1,27.5
"	2022-09-28",239,18.9,14.1,25.3
"	2022-09-29",239,,15.1,
"	2022-09-30",239,,12.9,27.8
"	2022-10-01",239,19.1,12.4,27.5
"	2022-10-02",239,20.6,16.6,28.1
"	2022-10-03",239,23.1,18.2,25.8
"	2022-10-04",239,19.6,14.9,24.5
"	2022-10-05",239,15.6,13,21.1
"	2022-10-06",239,15.7,13.1,20.9
"	2022-10-07",239,14.8,11.5,18.8
"	2022-10-08",239,15.7,9.7,20.6
"	2022-10-09",239,12.8,10.7,15
"	2022-10-10",239,10.2,7.7,13.4
"	2022-10-11",239,11.4,7.8,17.3
"	2022-10-12",239,11.8,4.9,20.1
"	2022-10-13",239,15,9.2,22.1
"	2022-10-14",239,15.4,10.6,22.4
"	2022-10-15",239,18,12.8,24.5
"	2022-10-16",239,17.3,14.4,22.1
"	2022-10-17",239,12.3,7.5,15.3
"	2022-10-18",239,7.8,2.2,14.2
"	2022-10-19",239,8.7,1.4,16.6
"	2022-10-20",239,10.3,3.1,19.2
"	2022-10-21",239,11.8,6,18.9
"	2022-10-22",239,13.9,8.1,21.5
"	2022-10-23",239,13.4,9.8,19.4
"	2022-10-24",239,9.3,4.9,15.1
"	2022-10-25",239,9.5,3.2,16.3
"	2022-10-26",239,11,4.6,18.2
"	2022-10-27",239,12.6,6.2,20.3
"	2022-10-28",239,13.5,8.9,19.9
"	2022-10-29",239,13.6,8.3,20.7
"	2022-10-30",239,13.8,8.3,20.7
"	2022-10-31",239,13.9,9.6,20
"	2022-11-01",239,12.8,8.4,19.2
"	2022-11-02",239,10,4.6,19
"	2022-11-03",239,9.3,3.7,16.4
"	2022-11-04",239,5.7,1.3,10.5
"	2022-11-05",239,5.9,-1.8,14.5
"	2022-11-06",239,8.1,1.2,16.6
"	2022-11-07",239,9.3,2.4,16.9
"	2022-11-08",239,11.9,6.3,18.9
"	2022-11-09",239,9.6,5.4,16.3
"	2022-11-10",239,11.3,5.1,18.7
"	2022-11-11",239,13.9,7.7,22
"	2022-11-12",239,17.6,9.8,24.3
"	2022-11-13",239,11,9.3,18.9
"	2022-11-14",239,9.2,5.1,15.1
"	2022-11-15",239,7.8,1.7,14.2
"	2022-11-16",239,8.5,4.4,15.3
"	2022-11-17",239,9.1,4,15.9
"	2022-11-18",239,9.1,2.5,17.7
"	2022-11-19",239,11.3,4.3,19
"	2022-11-20",239,12.6,9.2,18.9
"	2022-11-21",239,11.7,5.7,19.7
"	2022-11-22",239,10.5,8.1,13.5
"	2022-11-23",239,10.5,5.5,16.6
"	2022-11-24",239,8.1,2.6,14.7
"	2022-11-25",239,9.4,2.3,17.3
"	2022-11-26",239,8.5,1.6,14.1
"	2022-11-27",239,5.8,-1.2,13.8
"	2022-11-28",239,8,3,11.7
"	2022-11-29",239,8.4,0.9,13.4
"	2022-11-30",239,-3.2,-5.2,0.9
"	2022-12-01",239,-3.6,-7.3,1
"	2022-12-02",239,-1.9,-6.5,2.8
"	2022-12-03",239,2.1,-1.9,5.6
"	2022-12-04",239,-1.6,-3.7,3.6
"	2022-12-05",239,-2.6,-5.4,3
"	2022-12-06",239,-0.1,-6.3,5.8
"	2022-12-07",239,4.1,-0.4,9.2
"	2022-12-08",239,3.2,-1.7,9.9
"	2022-12-09",239,3.7,-1.7,11.5
"	2022-12-10",239,1.5,-2.7,5.2
"	2022-12-11",239,1.6,-3.2,8.4
"	2022-12-12",239,1.3,-4,6.7
"	2022-12-13",239,1.1,-2.9,3.8
"	2022-12-14",239,-7.4,-9.8,-2.9
"	2022-12-15",239,-2.5,-9.5,3.5
"	2022-12-16",239,-5.1,-8.1,-2.2
"	2022-12-17",239,-6.4,-9.6,-3
"	2022-12-18",239,-8.9,-13.8,-5
"	2022-12-19",239,-6.4,-13,-0.8
"	2022-12-20",239,-3,-9.1,2.9
"	2022-12-21",239,-0.1,-2.5,1.4
"	2022-12-22",239,-5.1,-8.3,0.2
"	2022-12-23",239,-8.2,-10.7,-5.2
"	2022-12-24",239,-9.2,-13.6,-4.2
"	2022-12-25",239,-5.4,-12.1,2.4
"	2022-12-26",239,-4.1,-9.7,1.4
"	2022-12-27",239,-2.9,-8.9,3.2
"	2022-12-28",239,-2.4,-5.5,2.8
"	2022-12-29",239,-3.5,-8.5,1.5
"	2022-12-30",239,-1,-3.9,3
"	2022-12-31",239,-1.4,-4.8,4.5
"	2023-01-01",239,-0.8,-6,6
"	2023-01-02",239,-3.3,-6.6,1.9
"	2023-01-03",239,-3.7,-9.3,2.6
"	2023-01-04",239,-1.8,-7.4,5.1
"	2023-01-05",239,-1.5,-6.2,4
"	2023-01-06",239,0.8,-4.4,6.3
"	2023-01-07",239,2.9,-1.7,6.3
"	2023-01-08",239,0.6,-4.7,7
"	2023-01-09",239,1.7,-2.2,8.7
"	2023-01-10",239,0.7,-5.3,8.7
"	2023-01-11",239,1.8,-4.3,9.9
"	2023-01-12",239,4.9,-3,13.2
"	2023-01-13",239,8.7,4.7,13
"	2023-01-14",239,7.2,5.5,8.8
"	2023-01-15",239,0.3,-3,5.6
"	2023-01-16",239,-3.3,-6.1,0.4
"	2023-01-17",239,-2.5,-7,2.1
"	2023-01-18",239,-0.9,-3.8,3.9
"	2023-01-19",239,0.5,-5.3,5
"	2023-01-20",239,-2,-7.4,3.7
"	2023-01-21",239,-3.7,-9,1.9
"	2023-01-22",239,-0.4,-4.1,3.8
"	2023-01-23",239,0.3,-3.4,7.2
"	2023-01-24",239,-11.4,-14.4,-3.4
"	2023-01-25",239,-11.5,-17.5,-5.2
"	2023-01-26",239,-6.9,-11.7,-4.6
"	2023-01-27",239,-6.8,-11.3,-3.4
"	2023-01-28",239,-5.9,-12.2,-0.6
"	2023-01-29",239,-1.7,-9.9,4.5
"	2023-01-30",239,-0.9,-6.2,4.4
"	2023-01-31",239,1.8,-6.8,9.3
"	2023-02-01",239,,,
"	2023-02-02",239,,,
"	2023-02-03",239,-1.1,-3.9,4.1
"	2023-02-04",239,-1.1,-7.5,6
"	2023-02-05",239,0,-6.4,7.5
"	2023-02-06",239,1.8,-4.8,8.9
"	2023-02-07",239,2.5,-2.5,10.3
"	2023-02-08",239,1.5,-4.3,9.1
"	2023-02-09",239,3.1,-4.7,10.5
"	2023-02-10",239,3.2,-0.3,6.9
"	2023-02-11",239,0.2,-3,4.3
"	2023-02-12",239,1.1,-2.9,4.5
"	2023-02-13",239,5.8,2.7,9.8
"	2023-02-14",239,1.2,-2.2,7.1
"	2023-02-15",239,2.7,-2.4,7.5
"	2023-02-16",239,2.6,-1.4,7.4
"	2023-02-17",239,3.9,-2.3,9.7
"	2023-02-18",239,6.1,4.7,8.5
"	2023-02-19",239,3.2,-1.4,7.5
"	2023-02-20",239,-0.7,-4.4,4.8
"	2023-02-21",239,-1.5,-6.4,4.7
"	2023-02-22",239,1.5,-6.6,9.5
"	2023-02-23",239,2.9,-3.4,9.4
"	2023-02-24",239,2.6,-1.9,9.2
"	2023-02-25",239,0.2,-4.6,6
"	2023-02-26",239,1.5,-5.8,10.4
"	2023-02-27",239,3.8,-4.7,13.7
"	2023-02-28",239,5,-3.7,13.2
"	2023-03-01",239,5.8,2.3,10.2
"	2023-03-02",239,2.1,-1.8,6.7
"	2023-03-03",239,3.5,-5.6,12.8
"	2023-03-04",239,6.1,-0.4,13.7
"	2023-03-05",239,7.4,-0.5,16.4
"	2023-03-06",239,8.1,-0.9,17.4
"	2023-03-07",239,11.3,3.2,20.6
"	2023-03-08",239,13.8,7.5,20.5
"	2023-03-09",239,14,7.7,20.3
"	2023-03-10",239,13.5,4,22.8
"	2023-03-11",239,16,7.8,24.3
"	2023-03-12",239,6.4,0.6,14.3
"	2023-03-13",239,3.2,-2.2,9.3
"	2023-03-14",239,8.5,-0.5,16.6
"	2023-03-15",239,11,3.7,18.4
"	2023-03-16",239,5.8,1.6,11
"	2023-03-17",239,6.9,1.7,11.9
"	2023-03-18",239,8.3,3.8,15.7
"	2023-03-19",239,7.9,-0.5,16.4
"	2023-03-20",239,9.7,1.4,18.7
"	2023-03-21",239,12.8,3.2,22.3
"	2023-03-22",239,16.6,6.6,25
"	2023-03-23",239,14.4,10.1,20.4
"	2023-03-24",239,11.7,5.8,18.3
"	2023-03-25",239,10.8,7.9,13.3
"	2023-03-26",239,8.9,3.7,15
"	2023-03-27",239,6.8,-1.1,14.6
"	2023-03-28",239,8.1,0.4,15.6
"	2023-03-29",239,11.3,1.8,20.4
"	2023-03-30",239,13.3,3.8,22.3
"	2023-03-31",239,14.1,4.7,23.5
"	2023-04-01",239,16.1,6.1,24.8
"	2023-04-02",239,16.9,10.6,22.4
"	2023-04-03",239,16.8,8.4,22.9
"	2023-04-04",239,15.1,11,22.1
"	2023-04-05",239,12.1,8.2,15.9
"	2023-04-06",239,8.8,6.8,10.5
"	2023-04-07",239,8.3,2.1,15.9
"	2023-04-08",239,7.9,0.1,15.5
"	2023-04-09",239,9.6,1.9,18.7
"	2023-04-10",239,11.9,2.6,20.4
"	2023-04-11",239,14.8,9.7,20.1
"	2023-04-12",239,10.5,3.4,17.2
"	2023-04-13",239,12.6,2.8,23
"	2023-04-14",239,15.4,7.8,21.9
"	2023-04-15",239,12.3,7.4,15.7
"	2023-04-16",239,9.9,6.5,15.8
"	2023-04-17",239,12.5,3.7,20.5
"	2023-04-18",239,13.4,11.2,14.7
"	2023-04-19",239,19.4,12.9,27.4
"	2023-04-20",239,18.8,14.2,25
"	2023-04-21",239,17.1,13.5,22.5
"	2023-04-22",239,16,11.3,21
"	2023-04-23",239,15.9,11.6,21
"	2023-04-24",239,14.6,10.2,19.9
"	2023-04-25",239,9.2,6.6,11
"	2023-04-26",239,8.5,4.7,14.6
"	2023-04-27",239,12,2.1,21.9
"	2023-04-28",239,15.6,6,22.7
"	2023-04-29",239,13.6,8.7,18.4
"	2023-04-30",239,12.8,5.7,19.7
"	2023-05-01",239,14,7.3,20.6
"	2023-05-02",239,16.4,6.3,25.4
"	2023-05-03",239,18.5,10.1,25.3
"	2023-05-04",239,19.7,14.7,25.9
"	2023-05-05",239,18.9,16.3,20.9
"	2023-05-06",239,14.4,11.8,19.7
"	2023-05-07",239,12.1,8.2,14.7
"	2023-05-08",239,13.1,5.2,22
"	2023-05-09",239,15.5,6.1,24.8
"	2023-05-10",239,16.6,8.8,25
"	2023-05-11",239,18.1,9.5,26.6
"	2023-05-12",239,17.4,11.1,24.1
"	2023-05-13",239,17.5,12.2,23.6
"	2023-05-14",239,17.3,8.9,25
"	2023-05-15",239,19.7,10.2,27.6
"	2023-05-16",239,22.6,14.7,30.2
"	2023-05-17",239,22.6,15.3,29.8
"	2023-05-18",239,19.1,17.7,21.9
"	2023-05-19",239,20.4,15.5,25.6
"	2023-05-20",239,20.1,14.5,27.1
"	2023-05-21",239,18.1,15.4,23.7
"	2023-05-22",239,17.2,13.9,22.8
"	2023-05-23",239,17.8,10.9,25
"	2023-05-24",239,19.3,11.6,26.5
"	2023-05-25",239,20.4,14.2,26.8
"	2023-05-26",239,21.2,15.3,26.1
"	2023-05-27",239,19.9,18.4,21.6
"	2023-05-28",239,20,18,21.8
"	2023-05-29",239,20.6,19.1,22.7
"	2023-05-30",239,21.5,17.5,26
"	2023-05-31",239,22,17.3,27.7
"	2023-06-01",239,21.7,17.3,26
"	2023-06-02",239,20.9,17,25.9
"	2023-06-03",239,21.1,14.9,26.9
"	2023-06-04",239,21.9,15.3,28.2
"	2023-06-05",239,20.9,16.3,26.4
"	2023-06-06",239,20.3,14.6,27.3
"	2023-06-07",239,21.3,16,26.1
"	2023-06-08",239,21.6,18.1,27.1
"	2023-06-09",239,23.1,18.6,29.5
"	2023-06-10",239,23.4,19,30.6
"	2023-06-11",239,22.8,17.9,29.4
"	2023-06-12",239,22.6,16.7,29
"	2023-06-13",239,22.2,17.8,28.1
"	2023-06-14",239,21.7,16.2,27.7
"	2023-06-15",239,21.8,15.5,27.9
"	2023-06-16",239,23.6,16.3,31.3
"	2023-06-17",239,24.1,17.3,31.6
"	2023-06-18",239,25.1,18.4,32.9
"	2023-06-19",239,26.2,19.1,33.3
"	2023-06-20",239,23.5,19.8,27.5
"	2023-06-21",239,20.8,19.8,23.3
"	2023-06-22",239,22.5,19,27.7
"	2023-06-23",239,24.9,18.7,31.1
"	2023-06-24",239,26.2,20.7,32.2
"	2023-06-25",239,26.3,20.1,31.6
"	2023-06-26",239,23.8,21.3,26.2
"	2023-06-27",239,25.5,22.1,30.5
"	2023-06-28",239,23.6,19,26.7
"	2023-06-29",239,24.3,23.2,25.1
"	2023-06-30",239,24.3,23.1,27.2
"	2023-07-01",239,26.8,22.7,32.7
"	2023-07-02",239,27,23.4,31.4
"	2023-07-03",239,27.7,23.5,33.3
"	2023-07-04",239,24.7,23.4,26.9
"	2023-07-05",239,24.5,22,28.5
"	2023-07-06",239,25.7,20.2,31.2
"	2023-07-07",239,21.5,19.2,25.6
"	2023-07-08",239,24.1,19.3,29.3
"	2023-07-09",239,26.1,23.4,30.4
"	2023-07-10",239,26.1,20.1,31
"	2023-07-11",239,23.9,22.6,26.6
"	2023-07-12",239,26.2,23.8,30.5
"	2023-07-13",239,25.1,24.3,26.3
"	2023-07-14",239,24.5,23.2,25.3
"	2023-07-15",239,22.8,21.4,24.5
"	2023-07-16",239,24,21.6,27.7
"	2023-07-17",239,25.2,23,30.3
"	2023-07-18",239,23.2,22.4,24.5
"	2023-07-19",239,25.6,21.9,31.1
"	2023-07-20",239,26,21.1,31.9
"	2023-07-21",239,27.1,23.5,33.7
"	2023-07-22",239,25.4,23.2,28.9
"	2023-07-23",239,25,23.9,26.8
"	2023-07-24",239,25.8,23.7,30.4
"	2023-07-25",239,25.3,22.9,29.3
"	2023-07-26",239,25.2,22.9,31.9
"	2023-07-27",239,27.1,23.1,33.4
"	2023-07-28",239,28.6,23.6,34.1
"	2023-07-29",239,29.1,24.6,34.5
"	2023-07-30",239,27.5,24.3,33.7
"	2023-07-31",239,27.5,24.1,31.8
"	2023-08-01",239,29.2,24.2,34.8
"	2023-08-02",239,28.8,24.9,34.1
"	2023-08-03",239,28.9,23.1,34.4
"	2023-08-04",239,29.5,25,35
"	2023-08-05",239,29.2,25.2,34.8
"	2023-08-06",239,29.2,24.1,35.9
"	2023-08-07",239,29.5,24.7,35.4
"	2023-08-08",239,30.2,25.4,34.9
"	2023-08-09",239,26.9,23.3,31.2
"	2023-08-10",239,21.6,20.8,23.3
"	2023-08-11",239,25.1,21.2,29.5
"	2023-08-12",239,24.1,20.2,28.8
"	2023-08-13",239,26.7,23.2,32.1
"	2023-08-14",239,27.7,23.6,33.9
"	2023-08-15",239,27.8,23.6,32.1
"	2023-08-16",239,26.6,23.7,31.6
"	2023-08-17",239,26.7,21.5,32.7
"	2023-08-18",239,28,24.6,33.4
"	2023-08-19",239,28.1,24,33.6
"	2023-08-20",239,28.1,24.4,33.3
"	2023-08-21",239,28.4,24.7,33.5
"	2023-08-22",239,26.9,23.8,32.1
"	2023-08-23",239,26.2,23.9,31
"	2023-08-24",239,25.3,23.8,30.1
"	2023-08-25",239,25.6,22,30.4
"	2023-08-26",239,24.4,20.2,30.1
"	2023-08-27",239,26,20.9,30.8
"	2023-08-28",239,26.1,23.9,29.1
"	2023-08-29",239,24.4,21.4,27.7
"	2023-08-30",239,21.4,20.2,23.1
"	2023-08-31",239,22.2,19.8,28
"	2023-09-01",239,22.6,18.3,29.5
"	2023-09-02",239,24.5,18.1,31.1
"	2023-09-03",239,26.9,22.4,32.1
"	2023-09-04",239,27.2,24.2,31
"	2023-09-05",239,26.3,23.4,31.6
"	2023-09-06",239,26,21.5,31.3
"	2023-09-07",239,24.7,20.2,30
"	2023-09-08",239,22.8,17.6,29.6
"	2023-09-09",239,24,18,30.9
"	2023-09-10",239,24.7,19.4,31.2
"	2023-09-11",239,24.4,20.2,30.6
"	2023-09-12",239,24.1,19.9,29.5
"	2023-09-13",239,20.7,19.5,22.4
"	2023-09-14",239,22.1,19.5,25.8
"	2023-09-15",239,22.4,21.1,24.4
"	2023-09-16",239,22.9,21.2,27.1
"	2023-09-17",239,24.3,21.5,28.8
"	2023-09-18",239,23.6,20.9,28.6
"	2023-09-19",239,23,20.1,27.6
"	2023-09-20",239,20.9,19.2,22.4
"	2023-09-21",239,18.7,16.1,21.7
"	2023-09-22",239,18.4,14.6,24.6
"	2023-09-23",239,19.5,14.8,25
"	2023-09-24",239,20.7,15.3,25
"	2023-09-25",239,21.5,18.3,26.3
"	2023-09-26",239,20.6,19.4,22.1
"	2023-09-27",239,22,20.5,24.9
"	2023-09-28",239,22,18.4,27.2
"	2023-09-29",239,19.8,17,25.4
"	2023-09-30",239,18.4,14.2,23.1
"	2023-10-01",239,17.2,12.4,22.9
"	2023-10-02",239,16.6,10.5,23.6
"	2023-10-03",239,15.4,11.9,21.1
"	2023-10-04",239,17.7,12.2,24.2
"	2023-10-05",239,14.3,10.5,18.6
"	2023-10-06",239,14.2,8.7,21.1
"	2023-10-07",239,15.9,10.7,20.5
"	2023-10-08",239,17.4,14.8,21.6
"	2023-10-09",239,17.2,13.5,22.5
"	2023-10-10",239,16.4,12.5,22.3
"	2023-10-11",239,16.7,11.7,24.1
"	2023-10-12",239,16.3,10.2,23.5
"	2023-10-13",239,16.2,12.5,22.1
"	2023-10-14",239,14.7,11.2,21.7
"	2023-10-15",239,14.7,10.6,20.2
"	2023-10-16",239,14.7,8,20.8
"	2023-10-17",239,12.7,5.4,21.6
"	2023-10-18",239,14.1,7.8,22.9
"	2023-10-19",239,14.9,11.5,19.3
"	2023-10-20",239,12.1,8.9,15.6
"	2023-10-21",239,9.7,3.7,17.5
"	2023-10-22",239,11.6,4.2,18.6
"	2023-10-23",239,13.4,8.4,20.8
"	2023-10-24",239,14,8,21.3
"	2023-10-25",239,15.2,11,22.4
"	2023-10-26",239,16.5,11.7,22
"	2023-10-27",239,14.7,10.9,19.8
"	2023-10-28",239,12.8,7.5,20.2
"	2023-10-29",239,13.2,6.9,21.3
"	2023-10-30",239,14.1,8.5,22.4
"	2023-10-31",239,14.5,10,21.9
"	2023-11-01",239,18,12.7,22.9
"	2023-11-02",239,19.5,14.8,25.9
"	2023-11-03",239,19.4,14.8,24.3
"	2023-11-04",239,18.5,17.3,20.9
"	2023-11-05",239,19.4,16.4,25.4
"	2023-11-06",239,15.4,8.7,21.3
"	2023-11-07",239,8.2,3.6,12.8
"	2023-11-08",239,8.1,1,16.7
"	2023-11-09",239,11.8,4.5,18.1
"	2023-11-10",239,5.5,1.4,10.6
"	2023-11-11",239,2.2,-1.3,7.1
"	2023-11-12",239,1.9,-1,6.4
"	2023-11-13",239,2.6,-2.4,9
"	2023-11-14",239,5.6,-1.2,11.6
"	2023-11-15",239,7,2.3,13.5
"	2023-11-16",239,5.3,3.6,7.1
"	2023-11-17",239,2.4,-1.2,7.1
"	2023-11-18",239,2.1,-2.7,7.4
"	2023-11-19",239,7.8,1.3,13.7
"	2023-11-20",239,6.1,0.9,13.6
"	2023-11-21",239,6.1,-1,16.1
"	2023-11-22",239,7.7,0.1,14.9
"	2023-11-23",239,11.5,5.6,17.5
"	2023-11-24",239,1.2,-2.3,5.6
"	2023-11-25",239,-0.8,-5.1,5.6
"	2023-11-26",239,4.1,-2.2,8.2
"	2023-11-27",239,7,4.2,11.1
"	2023-11-28",239,3.4,-0.9,6.8
"	2023-11-29",239,2.4,-0.9,7.4
"	2023-11-30",239,-2.2,-5.6,1.3
"	2023-12-01",239,-1.3,-5.3,2.4
"	2023-12-02",239,2.6,-3.9,8.7
"	2023-12-03",239,2.6,-1.5,8.2
"	2023-12-04",239,2.1,-4.1,9.2
"	2023-12-05",239,3.7,-1.6,11.4
"	2023-12-06",239,6.1,0.1,12.2
"	2023-12-07",239,6.7,1.4,11.9
"	2023-12-08",239,11.7,3.4,18.8
"	2023-12-09",239,14.8,11.8,19.2
"	2023-12-10",239,13.4,9.8,18.4
"	2023-12-11",239,12,8.7,14.2
"	2023-12-12",239,7.4,5.5,10
"	2023-12-13",239,9.2,5.6,12.7
"	2023-12-14",239,9.9,9,10.8
"	2023-12-15",239,8.7,5.6,11.7
"	2023-12-16",239,-1.6,-6.7,5.6
"	2023-12-17",239,-8.3,-10.8,-5
"	2023-12-18",239,-5.8,-9.9,-2.6
"	2023-12-19",239,-2.4,-6.2,0.3
"	2023-12-20",239,-5.2,-9.1,-1.3
"	2023-12-21",239,-9.4,-11.8,-6.1
"	2023-12-22",239,-9.3,-13,-4.8
"	2023-12-23",239,-5.8,-12,-0.5
"	2023-12-24",239,-1.7,-4.4,2.3
"	2023-12-25",239,-0.4,-3.3,3.3
"	2023-12-26",239,1.9,-1.5,7.1
"	2023-12-27",239,2.2,-1.4,7.9
"	2023-12-28",239,0.9,-3.3,5.8
"	2023-12-29",239,2,-0.7,6.8
"	2023-12-30",239,0.5,-2.4,2.9
"	2023-12-31",239,3.5,2.4,5.5
"	2024-01-01",239,3.4,0.2,7.3
"	2024-01-02",239,3.7,1.3,6.2
"	2024-01-03",239,2.1,-0.7,5.6
"	2024-01-04",239,0.9,-4.6,6.9
"	2024-01-05",239,4.8,1.1,10.2
"	2024-01-06",239,1.3,-2.7,7.1
"	2024-01-07",239,-2.3,-5.6,0.6
"	2024-01-08",239,-3.9,-8.9,1.9
"	2024-01-09",239,0,-4,4
"	2024-01-10",239,-1.2,-3.9,0.7
"	2024-01-11",239,0.3,-4.5,3.9
"	2024-01-12",239,2.4,-1.8,8
"	2024-01-13",239,-0.1,-5.3,7.5
"	2024-01-14",239,1.2,-4.4,9.1
"	2024-01-15",239,-2,-5.3,3.2
"	2024-01-16",239,-1.9,-7.5,4.2
"	2024-01-17",239,0.6,-2.6,2.2
"	2024-01-18",239,4.6,2.1,6.6
"	2024-01-19",239,6.2,5,9.4
"	2024-01-20",239,4.4,2.5,6.3
"	2024-01-21",239,2.9,-0.1,7.1
"	2024-01-22",239,-5.4,-8.5,-0.1
"	2024-01-23",239,-8.9,-11,-5.9
"	2024-01-24",239,-6.6,-10.5,-3
"	2024-01-25",239,-4.6,-10.8,1.6
"	2024-01-26",239,-2.3,-7.2,3
"	2024-01-27",239,-0.3,-5.4,5.8
"	2024-01-28",239,-0.6,-4.1,3.2
"	2024-01-29",239,-1.2,-6.1,5
"	2024-01-30",239,0.9,-5.3,9.1
"	2024-01-31",239,5.3,0.3,12.7
"	2024-02-01",239,3.4,1.4,5.6
"	2024-02-02",239,2.5,-1.6,8.7
"	2024-02-03",239,4,-0.9,8.9
"	2024-02-04",239,5.9,2,10.6
"	2024-02-05",239,3.4,0.7,6
"	2024-02-06",239,1.6,0,4.2
"	2024-02-07",239,0.6,-1.8,3.8
"	2024-02-08",239,0.4,-4.9,6.2
"	2024-02-09",239,0.7,-4.3,6.9
"	2024-02-10",239,0.7,-4.3,6.5
"	2024-02-11",239,0.4,-4.8,6.7
"	2024-02-12",239,3.3,-3.6,11.7
"	2024-02-13",239,8.5,0,15.6
"	2024-02-14",239,13.1,8.5,18.2
"	2024-02-15",239,5.9,-0.6,13.5
"	2024-02-16",239,2.6,-2.7,9.2
"	2024-02-17",239,4.9,-2,13.5
"	2024-02-18",239,5.2,-0.6,9.1
"	2024-02-19",239,10.1,5.4,13.3
"	2024-02-20",239,5.2,3.5,6.7
"	2024-02-21",239,4,2.1,5.7
"	2024-02-22",239,1.8,0.6,3.6
"	2024-02-23",239,3.2,0.3,7.7
"	2024-02-24",239,3.2,0.6,6.9
"	2024-02-25",239,2.4,0.6,5
"	2024-02-26",239,3.4,-1.8,8.9
"	2024-02-27",239,5.1,0.7,10.3
"	2024-02-28",239,6.5,2.8,11
"	2024-02-29",239,5.3,2.2,7
"	2024-03-01",239,-2.4,-5.8,2.1
"	2024-03-02",239,-0.8,-8,4.3
"	2024-03-03",239,5.2,0.6,11.5
"	2024-03-04",239,6.5,0.6,12.5
"	2024-03-05",239,6.2,5.2,7.9
"	2024-03-06",239,7.1,2.7,11.5
"	2024-03-07",239,4.7,0.4,8.8
"	2024-03-08",239,2.6,-0.9,7.7
"	2024-03-09",239,1.9,-4.8,8.6
"	2024-03-10",239,4,-4.4,12.4
"	2024-03-11",239,6.3,-0.6,11.8
"	2024-03-12",239,5.8,2.8,9.4
"	2024-03-13",239,6.1,-0.1,13.6
"	2024-03-14",239,7.4,0.1,16.5
"	2024-03-15",239,8.7,0.7,18.4
"	2024-03-16",239,11,1.7,20
"	2024-03-17",239,9.1,4.3,13.1
"	2024-03-18",239,7.7,-0.3,15.6
"	2024-03-19",239,6.9,4.2,12.3
"	2024-03-20",239,4.4,1.3,9.3
"	2024-03-21",239,4.7,-2.3,11.6
"	2024-03-22",239,9.9,2.6,17.6
"	2024-03-23",239,14.5,9.8,20.8
"	2024-03-24",239,14.3,10.1,18.6
"	2024-03-25",239,9.9,6.7,13.2
"	2024-03-26",239,6.6,2.8,11.7
"	2024-03-27",239,9.8,2.3,17
"	2024-03-28",239,9.1,8.2,10.1
"	2024-03-29",239,8.8,5.2,12.6
"	2024-03-30",239,9.1,1.7,17
"	2024-03-31",239,10.6,2,18.4
"	2024-04-01",239,12.6,3.6,21.8
"	2024-04-02",239,15.5,5.6,24.8
"	2024-04-03",239,13.7,12.6,14.8
"	2024-04-04",239,14.1,12.4,17.6
"	2024-04-05",239,13,9.9,18.4
"	2024-04-06",239,12.8,7.2,20
"	2024-04-07",239,15.4,6.6,24.5
"	2024-04-08",239,16,8.2,23.2
"	2024-04-09",239,15.4,9.7,20.8
"	2024-04-10",239,14.4,9.5,19.9
"	2024-04-11",239,15.8,10.8,22.6
"	2024-04-12",239,17,9.6,25
"	2024-04-13",239,18.4,9.8,27.8
"	2024-04-14",239,19.7,10.8,27.6
"	2024-04-15",239,16,12.8,18.9
"	2024-04-16",239,14,9.8,19.9
"	2024-04-17",239,14.6,8.5,22.5
"	2024-04-18",239,16.7,8,25.1
"	2024-04-19",239,17.4,7.6,25.9
"	2024-04-20",239,13.7,13.1,15.6
"	2024-04-21",239,16,13.3,18
"	2024-04-22",239,17.6,14.3,22.7
"	2024-04-23",239,16.9,12.1,22.2
"	2024-04-24",239,13.3,9.5,17.1
"	2024-04-25",239,14.8,9.1,23.5
"	2024-04-26",239,17.4,9.9,26.5
"	2024-04-27",239,18.1,10.1,26.6
"	2024-04-28",239,19,9,28.1
"	2024-04-29",239,17.3,16,19.4
"	2024-04-30",239,16.2,12.1,20.9
"	2024-05-01",239,16.5,12.1,21.4
"	2024-05-02",239,16.6,9.5,24
"	2024-05-03",239,17.9,8.4,27.7
"	2024-05-04",239,20.2,9.5,28.1
"	2024-05-05",239,17.8,16.5,20.2
"	2024-05-06",239,14.1,13.1,16.7
"	2024-05-07",239,13.2,11.4,15.9
"	2024-05-08",239,14.5,9.7,20.1
"	2024-05-09",239,15.2,7.8,23
"	2024-05-10",239,17.1,9.5,24.8
"	2024-05-11",239,18.2,12,24.5
"	2024-05-12",239,15.9,11.1,21.5
"	2024-05-13",239,17.1,8.8,24.6
"	2024-05-14",239,17.6,9,25.7
"	2024-05-15",239,12.6,7.9,22.4
"	2024-05-16",239,13.8,7.3,20.3
"	2024-05-17",239,18.4,11.8,25.4
"	2024-05-18",239,19.7,12.3,27.5
"	2024-05-19",239,20.8,13.9,29.1
"	2024-05-20",239,18.7,12.2,25.9
"	2024-05-21",239,20.1,15.5,26.5
"	2024-05-22",239,20.6,15,27.7
"	2024-05-23",239,21.1,15.7,29.1
"	2024-05-24",239,20.1,13.9,27.7
"	2024-05-25",239,20,17.8,23.4
"	2024-05-26",239,20,15.5,26.7
"	2024-05-27",239,17.9,13.5,22.9
"	2024-05-28",239,18.5,11.5,24.7
"	2024-05-29",239,20.2,12.3,27.5
"	2024-05-30",239,20.4,15.2,25.4
"	2024-05-31",239,20.8,15.1,26.9
"	2024-06-01",239,19.5,15.1,24.4
"	2024-06-02",239,19.5,12.7,25.9
"	2024-06-03",239,20.4,12.3,26.8
"	2024-06-04",239,21.2,14.8,28.3
"	2024-06-05",239,21.7,14.7,28.6
"	2024-06-06",239,21.9,16.7,29.2
"	2024-06-07",239,22,15.2,28
"	2024-06-08",239,20.5,17.7,25.4
"	2024-06-09",239,23.3,18.2,30
"	2024-06-10",239,23.7,17.1,30
"	2024-06-11",239,24.5,19.5,31.4
"	2024-06-12",239,24.3,17.3,32.9
"	2024-06-13",239,24.8,16.5,32.9
"	2024-06-14",239,25.2,18.5,31.7
"	2024-06-15",239,23.5,20.6,28.5
"	2024-06-16",239,23.4,18.4,29.1
"	2024-06-17",239,22.5,16,28.4
"	2024-06-18",239,24.6,14.8,33.7
"	2024-06-19",239,26.3,17.8,35.1
"	2024-06-20",239,25,18.8,31.7
"	2024-06-21",239,25.7,17.9,32.5
"	2024-06-22",239,22.9,22,24.4
"	2024-06-23",239,24.3,22.3,28.7
"	2024-06-24",239,24.3,18.8,29.4
"	2024-06-25",239,21.8,16.5,27.6
"	2024-06-26",239,23.6,17.4,30.2
"	2024-06-27",239,23.1,18.3,28.6
"	2024-06-28",239,24.8,17.4,32.1
"	2024-06-29",239,24.9,21.2,29.5
"	2024-06-30",239,24.5,22.2,27.5
"	2024-07-01",239,26,21.6,31.6
"	2024-07-02",239,23.6,21.3,26.6
"	2024-07-03",239,25.2,23.1,28.9
"	2024-07-04",239,27.3,22.7,31.2
"	2024-07-05",239,25.3,22.8,29
"	2024-07-06",239,26.9,22.7,30.8
"	2024-07-07",239,24.6,22,26.5
"	2024-07-08",239,24,22.7,25.5
"	2024-07-09",239,23.1,22.2,24.3
"	2024-07-10",239,23.6,21.2,27.8
"	2024-07-11",239,23.9,21.5,26.7
"	2024-07-12",239,25.4,21.7,30.7
"	2024-07-13",239,26,22,30.7
"	2024-07-14",239,25.9,23.3,29.8
"	2024-07-15",239,26.8,23.7,31.3
"	2024-07-16",239,24.3,22.3,26.5
"	2024-07-17",239,26.6,22.3,29.7
"	2024-07-18",239,25.6,23.6,27.6
"	2024-07-19",239,25.3,23.3,29.1
"	2024-07-20",239,26.1,22.7,30.6
"	2024-07-21",239,27.2,23.8,31.2
"	2024-07-22",239,28.6,26.2,31.1
"	2024-07-23",239,26.3,25.2,27.7
"	2024-07-24",239,27.7,24.8,32.5
"	2024-07-25",239,27.9,24.5,34.5
"	2024-07-26",239,28.2,24.9,33.2
"	2024-07-27",239,28,25.5,32.1
"	2024-07-28",239,29,26.2,32.9
"	2024-07-29",239,27.6,25.6,31.5
"	2024-07-30",239,28,25.6,32.3
"	2024-07-31",239,29,25,33.5
"	2024-08-01",239,29.2,25.7,33.4
"	2024-08-02",239,29.6,26.8,33.2
"	2024-08-03",239,30,26.6,34.6
"	2024-08-04",239,29.6,24.7,35.3
"	2024-08-05",239,27.8,23.6,34.2
"	2024-08-06",239,28.2,23.3,33.2
"	2024-08-07",239,29,24.9,34.1
"	2024-08-08",239,26.8,24.6,29.2
"	2024-08-09",239,28,24.1,33.9
"	2024-08-10",239,28.5,24.1,34.2
"	2024-08-11",239,29.5,25.2,35
"	2024-08-12",239,29.4,25,35
"	2024-08-13",239,28.8,24.7,34.6
"	2024-08-14",239,28.8,24.9,33.9
"	2024-08-15",239,28.5,24.6,34.4
"	2024-08-16",239,28.7,24.6,33.7
"	2024-08-17",239,28.7,24.9,33.8
"	2024-08-18",239,28.5,24.7,34.6
"	2024-08-19",239,29.3,24.4,34.8
"	2024-08-20",239,29.3,26.4,35.3
"	2024-08-21",239,27.5,25.9,31.7
"	2024-08-22",239,27.1,24.8,31.3
"	2024-08-23",239,27,23.6,31.7
"	2024-08-24",239,27.3,24.1,32.2
"	2024-08-25",239,26.9,23.9,31.7
"	2024-08-26",239,26.6,23.5,31.2
"	2024-08-27",239,25.8,23.9,27.4
"	2024-08-28",239,26.8,21.5,31.1
"	2024-08-29",239,27.7,22.9,33.4
"	2024-08-30",239,26.8,22.4,32.7
"	2024-08-31",239,25.9,20.9,32.2
"	2024-09-01",239,26.2,22.1,31.4
"	2024-09-02",239,24,20.9,27.8
"	2024-09-03",239,27,23,31.6
"	2024-09-04",239,26.1,21,32.9
"	2024-09-05",239,26.2,22.2,31.6
"	2024-09-06",239,24.9,23.3,27.7
"	2024-09-07",239,26,23,31.5
"	2024-09-08",239,26,21.1,32.3
"	2024-09-09",239,28.3,23.1,33.6
"	2024-09-10",239,28.8,24.7,35.2
"	2024-09-11",239,27.4,24.4,34
"	2024-09-12",239,26,24.6,30.2
"	2024-09-13",239,27.4,24.4,32
"	2024-09-14",239,27.9,24.7,32.9
"	2024-09-15",239,29.2,24.6,34.2
"	2024-09-16",239,27.8,24.9,31.1
"	2024-09-17",239,29.3,24.7,35.2
"	2024-09-18",239,27.6,23.6,33.8
"	2024-09-19",239,28.1,23.9,33.5
"	2024-09-20",239,25.4,24.5,27.3
"	2024-09-21",239,20.3,19.6,25.9
"	2024-09-22",239,21.1,17.4,25.5
"	2024-09-23",239,20.9,17.1,25.2
"	2024-09-24",239,20.4,15.2,27.2
"	2024-09-25",239,22.6,18.3,28.3
"	2024-09-26",239,23.3,20,28.5
"	2024-09-27",239,22.3,18.1,28.1
"	2024-09-28",239,22.9,18.3,27.9
"	2024-09-29",239,22.7,18.9,27.3
"	2024-09-30",239,20.9,15.6,27.6
"	2024-10-01",239,16.8,13.8,19
"	2024-10-02",239,14,10.5,19.4
"	2024-10-03",239,12.1,9,15.1
"	2024-10-04",239,14.9,10.5,22.4
"	2024-10-05",239,15.9,10.4,23.1
"	2024-10-06",239,15.8,13.3,17.9
"	2024-10-07",239,16.4,13.8,20
"	2024-10-08",239,15.7,13.5,22.1
"	2024-10-09",239,17.6,11.8,23.6
"	2024-10-10",239,17.3,13.4,22.9
"	2024-10-11",239,16.4,12,23.9
"	2024-10-12",239,16.3,11.9,24.2
"	2024-10-13",239,16.9,11.6,23.5
"	2024-10-14",239,17.3,15.9,18.7
"	2024-10-15",239,18.1,16.9,19.9
"	2024-10-16",239,18,15.4,23.3
"	2024-10-17",239,18.3,14.7,24.3
"	2024-10-18",239,18.7,16.7,20.4
"	2024-10-19",239,17,12.9,22.4
"	2024-10-20",239,13.1,10.5,17.3
"	2024-10-21",239,13.7,8.6,19.1
"	2024-10-22",239,16.6,14.8,18.2
"	2024-10-23",239,13.8,8.8,17.6
"	2024-10-24",239,11.6,6.2,17.9
"	2024-10-25",239,13.9,7.3,21.4
"	2024-10-26",239,16.6,10.4,23.7
"	2024-10-27",239,15.2,12.9,18.8
"	2024-10-28",239,14.7,11.3,17.5
"	2024-10-29",239,14.8,11.7,20.4
"	2024-10-30",239,14.5,9.7,21.1
"	2024-10-31",239,14.4,9,22.4
"	2024-11-01",239,13.3,11.4,14.7
"	2024-11-02",239,17.1,13.5,23.4
"	2024-11-03",239,16.1,11.2,23.3
"	2024-11-04",239,14.1,9,20.6
"	2024-11-05",239,9.5,5.9,15.7
"	2024-11-06",239,7.2,2.4,13.9
"	2024-11-07",239,7.5,0.5,16.6
"	2024-11-08",239,10.1,3.1,18.1
"	2024-11-09",239,12.4,6.8,19.1
"	2024-11-10",239,13.4,9.5,20.6
"	2024-11-11",239,13.2,7.3,21.8
"	2024-11-12",239,13.2,9.1,20.5
"	2024-11-13",239,12.9,6.8,21.2
"	2024-11-14",239,14,10.5,19.9
"	2024-11-15",239,14.8,12.3,20.1
"	2024-11-16",239,16.7,11.4,23.3
"	2024-11-17",239,8.8,3.6,14.8
"	2024-11-18",239,2.9,-0.7,8
"	2024-11-19",239,5,-2.2,13.5
"	2024-11-20",239,6.3,0.3,11.5
"	2024-11-21",239,9.1,3.4,13.4
"	2024-11-22",239,7.4,1.9,12.6
"	2024-11-23",239,4.9,-0.5,12.5
"	2024-11-24",239,6.4,0.3,14.6
"	2024-11-25",239,9.6,1.5,16.5
"	2024-11-26",239,7.5,3.7,11.3
"	2024-11-27",239,1.9,0.1,5.7
"	2024-11-28",239,2.9,0.5,8.6
"	2024-11-29",239,2.1,-0.7,5.3
"	2024-11-30",239,4.3,-0.8,8.8
"	2024-12-01",239,6.8,1.9,11.7
"	2024-12-02",239,7.4,1.5,15.6
"	2024-12-03",239,1.5,-1,6.1
"	2024-12-04",239,2.8,-0.5,7.7
"	2024-12-05",239,3.7,-1.4,9.3
"	2024-12-06",239,3.5,0.3,8.2
"	2024-12-07",239,0.9,-2.7,5.3
"	2024-12-08",239,0,-3.2,4.1
"	2024-12-09",239,1.6,-4.6,6.5
"	2024-12-10",239,3.7,0.4,8.1
"	2024-12-11",239,2.2,-1.4,8.8
"	2024-12-12",239,0.6,-4.4,6.4
"	2024-12-13",239,0.2,-1.6,2.9
"	2024-12-14",239,0.1,-3.7,4.6
"	2024-12-15",239,1.7,-1.4,4.9
"	2024-12-16",239,1.7,-2.7,6.1
"	2024-12-17",239,1.1,-2.5,6.3
"	2024-12-18",239,-2.2,-4.9,1.3
"	2024-12-19",239,-2.5,-8.7,4.1
"	2024-12-20",239,-0.5,-4,2.5
"	2024-12-21",239,0,-2.9,3.4
"	2024-12-22",239,-2.8,-6.4,1.6
"	2024-12-23",239,-1.2,-7.1,4.5
"	2024-12-24",239,0.2,-4,5.8
"	2024-12-25",239,2.3,-2.7,6.8
"	2024-12-26",239,1.7,-1.7,5.1
"	2024-12-27",239,-1.5,-5.2,1.9
"	2024-12-28",239,-1.8,-5.8,1
"	2024-12-29",239,1.5,-2.1,6.2
"	2024-12-30",239,5.8,0.5,10
"	2024-12-31",239,1.6,-2.7,5.9
"	2025-01-01",239,1.4,-4.9,9.2
"	2025-01-02",239,1,-3.6,7.3
"	2025-01-03",239,-0.4,-4.4,4.2
"	2025-01-04",239,0,-4.6,5.7
"	2025-01-05",239,0.7,-3.3,3.8
"	2025-01-06",239,1.4,-1.6,5
"	2025-01-07",239,-1.8,-4.6,1.6
"	2025-01-08",239,-3,-5,-0.1
"	2025-01-09",239,-8.7,-12.2,-5
"	2025-01-10",239,-7.7,-14.2,-0.9
"	2025-01-11",239,-3.4,-6.7,-0.5
"	2025-01-12",239,-2.8,-8.4,3.4
"	2025-01-13",239,0,-6.5,5.2
"	2025-01-14",239,3.5,0.4,9.2
"	2025-01-15",239,-2.5,-4.8,1.5
"	2025-01-16",239,0.3,-5.3,5.6
"	2025-01-17",239,0.5,-3.8,6.8
"	2025-01-18",239,0.3,-6.2,7.1
"	2025-01-19",239,0.9,-5.3,8.2
"	2025-01-20",239,2.2,-1.3,7.4
"	2025-01-21",239,1.5,-3.5,8.4
"	2025-01-22",239,2.5,-2.2,8.7
"	2025-01-23",239,1.8,-3.1,9.8
"	2025-01-24",239,1.4,-4.9,9.1
"	2025-01-25",239,3.9,-2.8,10
"	2025-01-26",239,4.5,1.2,7.8
"	2025-01-27",239,-0.4,-3.1,3.7
"	2025-01-28",239,-2,-3.4,0.2
"	2025-01-29",239,-3.9,-6.9,0.1
"	2025-01-30",239,-3.1,-8.4,2.2
"	2025-01-31",239,0.8,-3.9,5.4
"	2025-02-01",239,2.6,0.5,7.5
"	2025-02-02",239,1.3,-2,7.7
"	2025-02-03",239,-2.2,-6.1,1.2
"	2025-02-04",239,-6.8,-8.4,-3.4
"	2025-02-05",239,-6.8,-10.5,-3.3
"	2025-02-06",239,-4.7,-11.3,0.3
"	2025-02-07",239,-6.8,-9.8,-1.4
"	2025-02-08",239,-7,-11.6,-1.8
"	2025-02-09",239,-4.4,-10.3,1.4
"	2025-02-10",239,-3.2,-8.2,1.9
"	2025-02-11",239,-0.9,-7.8,7.6
"	2025-02-12",239,0.7,-1.5,3.9
"	2025-02-13",239,0.5,-4.8,6.2
"	2025-02-14",239,2.6,-3.6,10
"	2025-02-15",239,2.1,-3.4,7.9
"	2025-02-16",239,4.1,-1.1,10.5
"	2025-02-17",239,0.6,-2.7,5
"	2025-02-18",239,-1.6,-5.1,2.8
"	2025-02-19",239,-2.7,-7.8,2.2
"	2025-02-20",239,-2.9,-8.7,3.2
"	2025-02-21",239,-2.3,-8,3.3
"	2025-02-22",239,-1.8,-5.8,3.4
"	2025-02-23",239,-3.3,-7.8,1.2
"	2025-02-24",239,-1.7,-8.5,5.3
"	2025-02-25",239,0.8,-6.2,6.7
"	2025-02-26",239,4.2,-0.1,10
"	2025-02-27",239,5.5,-4.3,14.6
"	2025-02-28",239,8.2,4.4,14.4
"	2025-03-01",239,5.7,1,7.9
"	2025-03-02",239,8.8,4.5,13.8
"	2025-03-03",239,2.8,0.5,5.5
"	2025-03-04",239,2.8,0.9,4.4
"	2025-03-05",239,4.6,2.4,7.7
"	2025-03-06",239,4.1,-0.7,9.8
"	2025-03-07",239,4.5,-2.7,11.1
"	2025-03-08",239,5.3,1.9,10.6
"	2025-03-09",239,5.8,-1.3,13.5
"	2025-03-10",239,7.4,0.1,15.5
"	2025-03-11",239,8.6,0.6,17.4
"	2025-03-12",239,8.8,3,15.2
"	2025-03-13",239,9.2,3.9,15.5
"	2025-03-14",239,12,3.3,19.7
"	2025-03-15",239,9.8,7.2,14
"	2025-03-16",239,3.8,0.4,7.3
"	2025-03-17",239,3.1,-1.4,8.2
"	2025-03-18",239,1.1,-0.8,2.8
"	2025-03-19",239,2,-3.6,7.9
"	2025-03-20",239,6.5,-2.1,14.6
"	2025-03-21",239,12.1,7.2,20.2
"	2025-03-22",239,13.4,4.7,23.4
"	2025-03-23",239,14.6,5.8,24.9
"	2025-03-24",239,15.4,10.8,21
"	2025-03-25",239,14.2,9,24.9
"	2025-03-26",239,17.2,4.8,27.1
"	2025-03-27",239,15,7.1,20.8
"	2025-03-28",239,6.4,3.5,11.2
"	2025-03-29",239,2.6,-0.9,7.3
"	2025-03-30",239,3.2,-3.5,8.4
"	2025-03-31",239,7,0.1,13.8
"	2025-04-01",239,8.8,1.3,17.4
"	2025-04-02",239,8.4,2,17.1
"	2025-04-03",239,9,2.5,16
"	2025-04-04",239,10.7,5.4,17.5
"	2025-04-05",239,8.7,6.9,12.5
"	2025-04-06",239,9.9,3.9,17
"	2025-04-07",239,13,2.7,20.5
"	2025-04-08",239,14.6,8.9,20.2
"	2025-04-09",239,12.6,3.7,20.4
"	2025-04-10",239,13.8,9.9,19.1
"	2025-04-11",239,14.9,5,24.9
"	2025-04-12",239,13.2,2.5,23
"	2025-04-13",239,5.3,0.9,9.9
"	2025-04-14",239,5,2.9,8.9
"	2025-04-15",239,8.2,2.5,14.2
"	2025-04-16",239,14.9,4.1,24
"	2025-04-17",239,21.5,15.7,26.9
"	2025-04-18",239,20.4,15.8,25.9
"	2025-04-19",239,19.6,14.2,25.5
"	2025-04-20",239,16.8,12.5,23.6
"	2025-04-21",239,20.4,14,26.3
"	2025-04-22",239,17.3,16.2,18.9
"	2025-04-23",239,17,12.3,24.3
"	2025-04-24",239,14.3,8.5,22
"	2025-04-25",239,11.2,3.3,18.1
"	2025-04-26",239,13,4.1,22.3
"	2025-04-27",239,15.6,8.1,23.6
"	2025-04-28",239,14.1,7.6,21.7
"	2025-04-29",239,13.4,4.5,22
"	2025-04-30",239,17.4,7.3,27
"	2025-05-01",239,14.3,10.6,20.9
"	2025-05-02",239,12.6,6.5,18.6
"	2025-05-03",239,9.7,7.6,13.7
"	2025-05-04",239,13.2,6,20.3
"	2025-05-05",239,11,6,15.2
"	2025-05-06",239,12.7,7.8,17.5
"	2025-05-07",239,13.8,5.6,21.5
"	2025-05-08",239,17.2,8.4,24.7
"	2025-05-09",239,14.8,12.6,16.4
"	2025-05-10",239,12.2,11.4,15.8
"	2025-05-11",239,14.6,10.8,20.5
"	2025-05-12",239,16.7,9.5,23.8
"	2025-05-13",239,18.5,10.9,26.6
"	2025-05-14",239,19.9,10.8,27.4
"	2025-05-15",239,20.2,17,23.2
"	2025-05-16",239,19.7,16.8,23.6
"	2025-05-17",239,18.6,15.1,24.6
"	2025-05-18",239,15.5,11.1,21.7
"	2025-05-19",239,18,10.1,22.3
"	2025-05-20",239,24,20,29.9
"	2025-05-21",239,24.7,20.4,29.5
"	2025-05-22",239,20.5,18.1,23.2
"	2025-05-23",239,19.1,16.5,23.8
"	2025-05-24",239,15.2,13.8,17.9
"	2025-05-25",239,16.9,10.1,23.8
"	2025-05-26",239,18.6,11.1,25.9
"	2025-05-27",239,19.5,12.3,26.4
"	2025-05-28",239,19.8,13.2,26.6
"	2025-05-29",239,20.3,13.3,26.8
"	2025-05-30",239,19.6,13.5,26.8
"	2025-05-31",239,19.7,12.6,25.4
"	2025-06-01",239,21.4,13.8,29.3
"	2025-06-02",239,19.7,16.6,23.5
"	2025-06-03",239,20.2,15,25.9
"	2025-06-04",239,19.5,12.7,26.4
"	2025-06-05",239,20.2,11.7,27.3
"	2025-06-06",239,22,16.1,29.8
"	2025-06-07",239,23,16,30.3
"	2025-06-08",239,24.8,21.2,30.6
"	2025-06-09",239,24.4,20.3,30.7
"	2025-06-10",239,22.7,17.7,28.1
"	2025-06-11",239,21.8,14.3,29
"	2025-06-12",239,23.6,16,30.5
"	2025-06-13",239,20.3,17.9,25.1
"	2025-06-14",239,22.7,19.1,28.4
"	2025-06-15",239,25.8,20.3,31.3
"	2025-06-16",239,23.4,21.2,26.8
"	2025-06-17",239,23.9,19.8,29.7
"	2025-06-18",239,24.6,19.6,30.4
"	2025-06-19",239,25.8,18.9,31.9
"	2025-06-20",239,24.6,22.9,26.5
"	2025-06-21",239,20.7,17.5,23.7
"	2025-06-22",239,22.2,16.8,28.8
"	2025-06-23",239,24.1,16.2,31.2
"	2025-06-24",239,21.5,19.2,25.9
"	2025-06-25",239,20.5,19.3,21.9
"	2025-06-26",239,22.1,19.6,26.7
"	2025-06-27",239,24.5,19.8,29.9
"	2025-06-28",239,26.3,22.8,30.6
"	2025-06-29",239,27.5,24.5,32.1
"	2025-06-30",239,27.8,22.8,32.8
"	2025-07-01",239,27.7,23.7,32.6
"	2025-07-02",239,28,24,33.1
"	2025-07-03",239,27.5,23.9,32
"	2025-07-04",239,26.7,23.9,30.7
"	2025-07-05",239,27.3,24.4,31.9
"	2025-07-06",239,27.9,24.4,32
"	2025-07-07",239,29.3,25.3,34
"	2025-07-08",239,30.5,25.7,35.7
"	2025-07-09",239,30.3,26.1,34.8
"	2025-07-10",239,29.4,24.1,34.2
"	2025-07-11",239,28.7,24,33.8
"	2025-07-12",239,27.7,22.1,33.8
"	2025-07-13",239,24.4,21.3,28.9
"	2025-07-14",239,22.6,19.2,30.1
"	2025-07-15",239,22.3,20.3,25.2
"	2025-07-16",239,22.3,21.3,23.7
"	2025-07-17",239,21.8,20.9,22.5
"	2025-07-18",239,24,21.3,28.3
"	2025-07-19",239,24.3,22.9,27.9
"	2025-07-20",239,27.1,22.7,32.1
"	2025-07-21",239,27.6,23.8,32.6
"	2025-07-22",239,28.1,23.9,32.8
"	2025-07-23",239,28.1,23.5,33.1
"	2025-07-24",239,28.7,23.6,34.3
"	2025-07-25",239,29.6,24,35.1
"	2025-07-26",239,29.8,24.4,34.9
"	2025-07-27",239,30.5,25.4,36.1
"	2025-07-28",239,29.7,25.4,34.9
"	2025-07-29",239,29.9,24.4,35.9
"	2025-07-30",239,29.8,25.1,34.6
"	2025-07-31",239,29.4,25.6,34.2
"	2025-08-01",239,29.4,24.1,35.6
"	2025-08-02",239,30,24.3,35.3
"	2025-08-03",239,26.3,21.6,30.2
"	2025-08-04",239,27.3,22.8,31
"	2025-08-05",239,28.2,23.3,32.9
"	2025-08-06",239,27,25.5,29.4
"	2025-08-07",239,26.3,22.4,31
"	2025-08-08",239,24.9,21.1,29.6
"	2025-08-09",239,23.7,22,26
"	2025-08-10",239,25.5,20.5,31.3
"	2025-08-11",239,23.7,21.8,27.1
"	2025-08-12",239,24.1,21,28.9
"	2025-08-13",239,26.3,23.2,30.9
"	2025-08-14",239,27.3,23.7,30.8
"	2025-08-15",239,27.7,24.1,32.4
"	2025-08-16",239,27.1,24.1,32.1
"	2025-08-17",239,27.1,22.8,32.5
"	2025-08-18",239,27.7,24.1,33.1
"	2025-08-19",239,28.3,25.3,32.6
"	2025-08-20",239,28,24,33.2
"	2025-08-21",239,28.7,24.3,34.8
"	2025-08-22",239,28,24.4,33.3
"	2025-08-23",239,28.4,23.2,33.8
"	2025-08-24",239,29,24.6,34.5
"	2025-08-25",239,29,25.1,33.6
"	2025-08-26",239,25.6,23.7,29
"	2025-08-27",239,25.2,22,31.4
"	2025-08-28",239,27.2,22.4,32
"	2025-08-29",239,28.3,25.3,32.5
"	2025-08-30",239,28.1,25.5,33.5
"	2025-08-31",239,27.2,24.2,32.3
"	",,,,
